,id,weiboname,NameWithoutBlank
0,287917,u/2508707750,2508707750
1,288115,muto233,muto233
2,288123,u/2432315244,u/2432315244
3,288379,tvcricole,tvcricole
4,288430,52330864  号码是岚少YY哟w,52330864
5,288875,xxh1994，不约【【【,xxh1994，不约【【【
6,288884,fuheihei,fuheihei
7,289237,p/1005052609233051,p/1005052609233051
8,289583,forluo ❀ 高级弹幕请私信告知 ❀ 搅基群469638129 ❀  承蒙厚爱，不胜欣喜（笑,forluo
9,289766,truelight2514,truelight2514
10,289877,tuotuowabi,tuotuowabi
11,289960,maijishan123,maijishan123
12,290047,xiaocjieshuo,xiaocjieshuo
13,290066,chaosdoum,chaosdoum
14,290169,u/2255462844,u/2255462844
15,290515,u/2414062705,u/2414062705
16,290540,TBroUFO,TBroUFO
17,290843,nanacoii,nanacoii
18,290982,zcy902。P站ID=4518744。,zcy902。P站ID=4518744。
19,291033,518456424,518456424
20,291346,2171584105/profile?topnav=1&amp;wvr=5,2171584105/profile?topnav=1&amp;wvr=5
21,291455,tamakiNIYA ←才开始玩，欢迎来搅,tamakiNIYA
22,291896,fhrd。。说好的粉红肉垫呢！(╯‵□′)╯︵┻━┻,fhrd。。说好的粉红肉垫呢！(╯‵□′)╯︵┻━┻
23,292124,u/2196316007,2196316007
24,292181,u/2811528777,u/2811528777
25,292767,yellow0516,yellow0516
26,293491,toarudom,toarudom
27,293583,sherholmes反正不会有人点,sherholmes反正不会有人点
28,293889,asyang1 ,asyang1
29,293917,2456436581/profile?profile,2456436581/profile?profile
30,294085,ohwonder,ohwonder
31,294142,577837722,577837722
32,294227,chibanokusa,chibanokusa
33,294646,ntrmao,ntrmao
34,294660,bambooshadow,bambooshadow
35,295675,mkunn,mkunn
36,295723,liudao）,liudao）
37,295975,wsh920521/,wsh920521/
38,296012,u/2292627260,u/2292627260
39,297076,toshikominos     ,toshikominos
40,297154,1278069880,1278069880
41,297300,arrogance,arrogance
42,297317,wfraf,wfraf
43,297703,u/2979392192　微信号：shanxiazhibo,2979392192
44,297789,u/5589020640,u/5589020640
45,297960,u/3638248375】,u/3638248375】
46,297964,narcissa79,narcissa79
47,298116,u/2306547721,u/2306547721
48,298674,Aru7      希望能用MAD把喜欢的作品传达给你๑ơᴗ ơ๑,Aru7
49,298836,345578659,345578659
50,299258,lorrainez,lorrainez
51,299259,ctun ❀ 鹿沼枳乃 From Sacrétpur星屑鎮守府,ctun
52,299653,206761611,206761611
53,299778,huaihuaiwu ,huaihuaiwu
54,299868,u/5238235084,u/5238235084
55,769103,huawuhui,huawuhui
56,769119,u/3328586250/home?topnav=1&amp;wvr=6,u/3328586250/home?topnav=1&amp;wvr=6
57,769249,SLRkun,SLRkun
58,769359,u/5624020240（B站编辑有毒 有毒,B站编辑有毒
59,769729,u/1922368627,u/1922368627
60,769833,omi810,omi810
61,769955,PuFFFerCBB,PuFFFerCBB
62,770273,Precursors ,Precursors
63,770467,RagnarostheFirelord,RagnarostheFirelord
64,771306,2179019110/profile?topnav=1&amp;wvr=6,2179019110/profile?topnav=1&amp;wvr=6
65,772346,5597149603/profile?topnav=1&amp;wvr=6,5597149603/profile?topnav=1&amp;wvr=6
66,772495,TKmoebuff,TKmoebuff
67,772681,208883803/,208883803/
68,772728,u/1655919210,u/1655919210
69,772850,60science,60science
70,773104,u/2985400312/home?wvr=5,u/2985400312/home?wvr=5
71,773119,u/5673187790,u/5673187790
72,773690,desertbirds,desertbirds
73,774345,323432949←刷很多人慎fo,323432949←刷很多人慎fo
74,774387,u/2988352105,u/2988352105
75,774565,271331444,271331444
76,774619,didilover,didilover
77,774959,u/1605865731,u/1605865731
78,774973,5594564866/profile?topnav=1&amp;wvr=,5594564866/profile?topnav=1&amp;wvr=
79,775023,iScreambilibili,iScreambilibili
80,775297,5662152425 破一百粉惹升天惹！以及真的没人教我唱歌....,5662152425
81,775788,5579527078/,5579527078/
82,775902,iwiwy,iwiwy
83,775909,zdy770,zdy770
84,777474,blakBear ,blakBear
85,777536,lexburner,lexburner
86,777691,3924122498/,3924122498/
87,777887,u/3201861055,u/3201861055
88,778469,lapis4,lapis4
89,778864,u/317947,u/317947
90,779246,1840074942   Gakki罩我！,1840074942
91,779665,nigudan,nigudan
92,780455,u/2646630364,u/2646630364
93,780875,erpiSB,erpiSB
94,780893,u/23498***792,u/23498***792
95,781099,u/5985881931,u/5985881931
96,782307,origao,origao
97,782542,u/1706103662求勾搭,u/1706103662求勾搭
98,782658,3554959757/profile?topnav=1&amp;wvr=6 ,6
99,782971,u/5229997808,u/5229997808
100,783265,2185773847/,2185773847/
101,784153,LUlu1995514/home?topnav=1&amp;wvr=5  欢迎各位小伙伴前来GD~,5
102,784439,u/1980880023,u/1980880023
103,784869,akiyamasakiya/【资源下载请善用标签搜索】,akiyamasakiya/【资源下载请善用标签搜索】
104,785196,2327648094,2327648094
105,786172,mtlwp @萌狼外婆，微信公众号cave44。,mtlwp
106,787825,ningenkirai/,ningenkirai/
107,787919,insaneformusic,insaneformusic
108,788407,soldfish,soldfish
109,788453,yujinakada,yujinakada
110,788611,dangmeiren想和小E互动聊天的 可以加我的QQ群：363148854 ,dangmeiren想和小E互动聊天的
111,788789,1168437882/profile?topnav=1&amp;wvr=6,1168437882/profile?topnav=1&amp;wvr=6
112,789008,3749634875/profile?topnav=1&amp;wvr=6,3749634875/profile?topnav=1&amp;wvr=6
113,789695,2197577833,2197577833
114,790220,kazenocheiza,kazenocheiza
115,790671,u/5508869514,u/5508869514
116,791806,2137157005/profile?rightmod=1&amp;wvr=6&amp;mod=personinfo,2137157005/profile?rightmod=1&amp;wvr=6&amp;mod=personinfo
117,792063,binglangjiang,binglangjiang
118,795635,cunyudxz,cunyudxz
119,795691,tsdmcgfjhf,tsdmcgfjhf
120,796386,u/1788525037,u/1788525037
121,797661,5197315732/ 放出翻译皆为UP主自己翻译版本，请放心食用。有问题请微博留言,5197315732/ 放出翻译皆为UP主自己翻译版本，请放心食用。有问题请微博留言
122,797811,303304889  一个逗比,303304889
123,797939,u/5040397079,u/5040397079
124,798012,3568502150/,3568502150/
125,798254,548012091,548012091
126,798699,1350479844/,1350479844/
127,799426,aretimis,aretimis
128,799864,u/2838566512,u/2838566512
129,800058,Jiongjunsama，囧君的qq群：494245170,Jiongjunsama，囧君的qq群：494245170
130,800791,u/3046,3046
131,801035,inmessy,inmessy
132,801379,2592753047,2592753047
133,801452,lzl8964,lzl8964
134,801513,ArryZ,ArryZ
135,801670,u/3098960305,u/3098960305
136,801928,u/3415030990,u/3415030990
137,802216,p/1005053172211683,1005053172211683
138,802637,u/3895461644,u/3895461644
139,802876,u/1907978290/home?topnav=1&amp;wvr=6,u/1907978290/home?topnav=1&amp;wvr=6
140,803552,2585667291,2585667291
141,803754,martaV,martaV
142,803813,u/1966396203/home?wvr=5&amp;lf=reg,u/1966396203/home?wvr=5&amp;lf=reg
143,803965,neikuzb,neikuzb
144,804088,u/1536858401 ,1536858401
145,804536,1707187265,1707187265
146,805692,crespo0221/,crespo0221/
147,805857,5694263623/,5694263623/
148,806514,miolever,miolever
149,807046,maoerbuer,maoerbuer
150,807534,u/2743681420,u/2743681420
151,807584,zannenshadow。,zannenshadow。
152,807829,670911125/,670911125/
153,808291,u/3325117884?wvr=5&amp;,u/3325117884?wvr=5&amp;
154,808371,kanicec,kanicec
155,808458,u/2465831205,2465831205
156,808842,akajep222加微博可了解更新动向哦~,akajep222加微博可了解更新动向哦~
157,809164,arisuyuki,arisuyuki
158,809317,kalulas,kalulas
159,809569,1602991774/profile?topnav=1&wvr=5,1602991774/profile?topnav=1&wvr=5
160,810744,m5012381,m5012381
161,811201,nanlongjunhou ,nanlongjunhou
162,814626,lofalis,lofalis
163,815565,2876877104/,2876877104/
164,815966,209586,209586
165,816027,FreeZeSer 欢迎调戏,FreeZeSer
166,817406,u/1586826262,u/1586826262
167,819296,2550718382,2550718382
168,819334,hazemaru 今天也作為美少女偶像大活躍中！！【假的,hazemaru
169,819642,zishenqionggui,zishenqionggui
170,821248,vivienwon,vivienwon
171,821542,u/2645549860,u/2645549860
172,821978,SkyJourney,SkyJourney
173,822684,jonihu 头像画师：@詹一美家的小仓鼠 ,jonihu
174,823195,577833990,577833990
175,824372,5092386293,5092386293
176,825217,rxfans,rxfans
177,826439,2354846357/profile?rightmod=1&amp;wvr=5&amp;mod=pers,2354846357/profile?rightmod=1&amp;wvr=5&amp;mod=pers
178,826544,u/1528029890,u/1528029890
179,826855,qingyouyouyou/home?wvr=5&amp;lf,qingyouyouyou/home?wvr=5&amp;lf
180,827663,freak377,freak377
181,828322,234852854,234852854
182,829279,IDyuyi,IDyuyi
183,829412,shamisen1991【与名為現實的怪物戰鬥的人們,shamisen1991【与名為現實的怪物戰鬥的人們
184,829496,5895158696,5895158696
185,829977,sherry19880721快来微博找我玩耍,sherry19880721快来微博找我玩耍
186,829986,u/3831591122,3831591122
187,830202,917539668,917539668
188,830622,fuhaoge96,fuhaoge96
189,831064,megane,megane
190,831133,u/2859041012,u/2859041012
191,831328,cangzendreamer/  欢迎骚扰- -,cangzendreamer/  欢迎骚扰- -
192,831680,1351645791,1351645791
193,832346,u/2911649493?,u/2911649493?
194,834234,206534123,206534123
195,834516,nice2boat,nice2boat
196,836195,wulasida,wulasida
197,836197,protegess,protegess
198,836346,tinke,tinke
199,837183,agnbw,agnbw
200,838164,maxlittlejun,maxlittlejun
201,838432,scorpiosakura当你剪短发时你就发现没有什么是放弃不了的,scorpiosakura当你剪短发时你就发现没有什么是放弃不了的
202,838482,u/3702197104,u/3702197104
203,838879,2837648710/profile?rightmod=1&amp;wvr=6&amp;mod=personinfo,2837648710/profile?rightmod=1&amp;wvr=6&amp;mod=personinfo
204,839744,u/2447736194?topnav=1&amp;wvr=6&amp;topsug=1,u/2447736194?topnav=1&amp;wvr=6&amp;topsug=1
205,840597,shuxian9/,shuxian9/
206,840864,p/1005052284381983,p/1005052284381983
207,842399,qiuyue720,qiuyue720
208,842633,u/2205237651 ,2205237651
209,843197,5onez  @蚊_kathy,5onez
210,844117,ikkitrancy,ikkitrancy
211,844924,641018786,641018786
212,845097,artpudding 请多多指教,artpudding
213,846049,u/2152641183,u/2152641183
214,846082,neirohmt本命❤||咕噜碳||武士桑|||库里 ☆,库里
215,846085,u/5097126744/home?wvr=5,u/5097126744/home?wvr=5
216,846401,shikaobing,shikaobing
217,846425,u/5885115904,u/5885115904
218,846684,5706863205 ,5706863205
219,847051,u/2387107141,u/2387107141
220,847146,ziyikun 交♂流♂群 597414364(╭￣3￣)╭,ziyikun
221,847254,3130900581/,3130900581/
222,848008,u/2155831414,u/2155831414
223,848095,u/1590033584,u/1590033584
224,848409,lionopc,lionopc
225,852373,tigerdow,tigerdow
226,853536,dajiang1776,dajiang1776
227,855406,u/2389779400【from@Muses-START】,u/2389779400【from@Muses-START】
228,855847,u/1817689277 Being系坑未出又入V家坑_(:з」∠)_,1817689277
229,856961,kumatmj    就不给你们看脸=w= 咩哈哈哈哈w,kumatmj
230,857408,1697317541/profile?topnav=1&amp;wvr=6&amp;is_all=1 欢迎来戳~,1
231,857500,1609179514/profile,1609179514/profile
232,858228,u/2851973177,u/2851973177
233,858550,u/3734756304 ,3734756304
234,860137,whitebeaver,whitebeaver
235,860744,maomaowan,maomaowan
236,861060,u/2299505674,u/2299505674
237,861251,godkoten,godkoten
238,861393,zeilb P站id=2392919,zeilb
239,862708,u/2826719175 ,2826719175
240,863170,wanranniji - @宛然匿迹】【Lofter：http://merlaiody.lofter.com - @宛然匿迹】,wanranniji
241,863392,1986283653,1986283653
242,863549,u/3188064310,3188064310
243,863572,ykd521,ykd521
244,863844,dkt11,dkt11
245,863934,u/2289124834/,u/2289124834/
246,864200,p/1005051337830747/home?from=page_100505&amp;mod=TAB#place,p/1005051337830747/home?from=page_100505&amp;mod=TAB#place
247,864446,yaoyao52180 ,yaoyao52180
248,864649,1832676027,1832676027
249,866043,u/5977070810/home,u/5977070810/home
250,867222,u/3200934094，希望大家可以关注，谢谢,u/3200934094，希望大家可以关注，谢谢
251,867580,u/2170909223【B站评论和私信每次都过了好长一段时间我才看到，有什么事可以到围脖@或者私信我_(:3」,u/2170909223【B站评论和私信每次都过了好长一段时间我才看到，有什么事可以到围脖@或者私信我_(:3」
252,868087,remena ,remena
253,869526,1821439251/profile?topnav=1&amp;wvr=5&amp;user=1  ←这是微博没错 √,1
254,869737,p/1005052705852807/album?from=page_100505&amp;mod=TAB#place,p/1005052705852807/album?from=page_100505&amp;mod=TAB#place
255,869804,u/5617121517/,u/5617121517/
256,870181,u/1766126180,u/1766126180
257,872559,u/2865213394/home?wvr=5,u/2865213394/home?wvr=5
258,872679,xiaoniaoyoushou   异口同声配音工作室 ,xiaoniaoyoushou
259,873943,qingmoshao ,qingmoshao
260,874872,3295611352,3295611352
261,875433,u/1172894175,u/1172894175
262,875653,zouyi2016,zouyi2016
263,875679,u/1693854877,u/1693854877
264,875751,u/2277506731,u/2277506731
265,875966,u/1589656583,u/1589656583
266,876132,3192703044/profile?topnav=1&amp;wvr=6 来访前请彻底清洗并处理毛发，不胜感谢。,6
267,876808,u/2312201535/home?wvr=5,u/2312201535/home?wvr=5
268,876963,2946078755,2946078755
269,876975,u/1900227023,u/1900227023
270,877661,exiaflame Twitter:@EinSaki,exiaflame
271,877667,u/3606893595,u/3606893595
272,878977,LitGreen,LitGreen
273,879697,u/1820365991 头像by花鹿水君MartinDenny,1820365991
274,880848,buusuley,buusuley
275,881302,Nozori,Nozori
276,881941,u/1705804985,u/1705804985
277,883464,2708848000,2708848000
278,884369,u/3043139151?wvr=5&amp;sudaref=www.sina.com.cn,u/3043139151?wvr=5&amp;sudaref=www.sina.com.cn
279,884449,eason077,eason077
280,884506,selenmoon,selenmoon
281,884536,raneraialba,raneraialba
282,884574,himekamilink,himekamilink
283,885481,u/2157673233,u/2157673233
284,885548,u/2868942271,u/2868942271
285,885650,u/2640810462,u/2640810462
286,886057,3875565579,3875565579
287,886372,aleaping,aleaping
288,886373,HDrake,HDrake
289,888580,carolxixuan,carolxixuan
290,888634,bohejuanxincai,bohejuanxincai
291,888729,1994056591,1994056591
292,889493,6100503865/profile?topnav=1&amp;wvr=6&amp;is_all=1,6100503865/profile?topnav=1&amp;wvr=6&amp;is_all=1
293,890215,u/3236024070,3236024070
294,890792,570835500 长期神隐|TIMMAD所属|,570835500
295,890836,u/3658830714,u/3658830714
296,890898,trysome12,trysome12
297,891409,rainsan,rainsan
298,891421,272752168 不嫌弃的话欢迎戳微博QUQ,272752168
299,891623,hereHL,hereHL
300,891977,cartman798,cartman798
301,892091,xiadexia】,xiadexia】
302,892119,yalike1412,yalike1412
303,892901,u/3165150705,u/3165150705
304,893103,0424mm,0424mm
305,893531,CNBML，专心填天坑,CNBML，专心填天坑
306,894102,u/3202027923,u/3202027923
307,894129,xxbeam,xxbeam
308,894244,asyanyang,asyanyang
309,895428,u/3241371467/home?wvr=5&amp;lf=reg,u/3241371467/home?wvr=5&amp;lf=reg
310,895520,qili8li,qili8li
311,895939,yoooouko ,yoooouko
312,896109,shintarok,shintarok
313,896206,u/2506477511,u/2506477511
314,896302,u/2044454607/home?wvr=5&amp;c=spr_web_360_hao360_weibo_t001,u/2044454607/home?wvr=5&amp;c=spr_web_360_hao360_weibo_t001
315,896529,3544424615/   俩声类,3544424615/   俩声类
316,896657,Amicaxxx,Amicaxxx
317,896781,u/3859692306  ,3859692306
318,896787,5631052150/,5631052150/
319,897829,yangguangjun,yangguangjun
320,898100,LZQloveme   求各种关注,LZQloveme
321,898419,narusaku,narusaku
322,898494,u/284556801,u/284556801
323,898624,5289852949/profile?rightmod=1&amp;wvr=6&amp;mod=personinfo,5289852949/profile?rightmod=1&amp;wvr=6&amp;mod=personinfo
324,898797,u/2403652937,u/2403652937
325,899194,proqin @秦月半儿,proqin
326,899369,u/3228193001,u/3228193001
327,899714,u/1941171313,u/1941171313
328,900077,wenandmaggie,wenandmaggie
329,900552,naturalwavy,naturalwavy
330,900733,u/2720657161,2720657161
331,901114,u/3700113065,u/3700113065
332,901468,tusiminabao,tusiminabao
333,901577,u/2846504041,u/2846504041
334,901903,icelf112/ 快看公告和上面,icelf112/ 快看公告和上面
335,902731,bbczju,bbczju
336,903077,nin9lv,nin9lv
337,903332,u/2397732030    勾搭起来民那桑~~,2397732030
338,903424,simonog,simonog
339,903498,lubyson,lubyson
340,903988,reActmuzi,reActmuzi
341,904905,u/1915372414,1915372414
342,905247,u/3095093341,3095093341
343,905997,xxoooooooooooo,xxoooooooooooo
344,906553,u/5188243229,u/5188243229
345,907026,u/2595688745,u/2595688745
346,907079,harmonyone | C3.宅友部:190441746,harmonyone
347,907213,madisonmr7xmi,madisonmr7xmi
348,907310,indddev,indddev
349,907458,yeyinhuan,yeyinhuan
350,908051,u/588578907,u/588578907
351,908640,chuzenjifuyuhiko,chuzenjifuyuhiko
352,908777,u/2173240255 ,2173240255
353,910300,5533059878/ ,5533059878/ 
354,911757,oro1121,oro1121
355,912139,u/1803690417五星http://www.5sing.com/707605,u/1803690417五星http://www.5sing.com/707605
356,912354,chuncha,chuncha
357,913032,airs1991/ ,airs1991/ 
358,913497,1848663504 微博求关注！,1848663504
359,914101,sidekicKPrime,sidekicKPrime
360,915848,u/3230714430/home?topnav=1&amp;wvr=5,u/3230714430/home?topnav=1&amp;wvr=5
361,916163,u/2893021105,u/2893021105
362,916987,elfyukirinHuo  ,elfyukirinHuo
363,917194,u/5907260600 ps:是mach不是much不是match中文是马赫英文念做马克是mach！参考bach！,5907260600
364,918013,xihachuanzhang,xihachuanzhang
365,918339,electk 音乐后期，有意者来关注,electk
366,918735,kkkkaiwen ,kkkkaiwen
367,919252,u/5784418399来啊来啊,u/5784418399来啊来啊
368,919640,u/5040764076,5040764076
369,920637,lenneng,lenneng
370,920713,u/1737093885,u/1737093885
371,920989,u/5495772776 ,5495772776
372,922387,u/2890853274/今天没吃药，感觉自己萌萌哒~,u/2890853274/今天没吃药，感觉自己萌萌哒~
373,922410,u/3755663944 metasequoia交流组475660219,3755663944
374,922497,baochaomaomao666,baochaomaomao666
375,922591,yasuukun ,yasuukun
376,922600,lanxiaoqi2005 丨,lanxiaoqi2005
377,922893,zzt,zzt
378,923030,571187777,571187777
379,923296,yumiyachan ,yumiyachan
380,923341,u/2439271884,u/2439271884
381,923859,qibaobao112,qibaobao112
382,924484,39ninenine,39ninenine
383,924502,u/3179874474,u/3179874474
384,925420,ccav233/,ccav233/
385,925640,2112512695,2112512695
386,926207,u/2101788390,u/2101788390
387,926677,kresent 更多动画请戳这里。,kresent
388,927735,5019021153/ ,5019021153/ 
389,928043,ruirui111,ruirui111
390,928364,atdusky,atdusky
391,928591,a8178098  吹水群:588586675,a8178098
392,928744,tz233,tz233
393,928796,u/2641249563,u/2641249563
394,928883,yangzhousheng,yangzhousheng
395,928884,u/2275874310,u/2275874310
396,928979,u/2492882061/home?wvr=5&amp;c=spr_web_sq_baidub_weibo_t001】,u/2492882061/home?wvr=5&amp;c=spr_web_sq_baidub_weibo_t001】
397,929441,1603111493/,1603111493/
398,929469,u/5014024911 ,5014024911
399,929688,mingtong,mingtong
400,929880,hopelessazusa,hopelessazusa
401,930587,u/2482695957】【鼓捣软件】,u/2482695957】【鼓捣软件】
402,930765,2992554823/profile?,2992554823/profile?
403,931327,u/1899301977欢迎勾搭~,u/1899301977欢迎勾搭~
404,931724,312995222,312995222
405,931907,u/5062284299技术交流群：199938498,u/5062284299技术交流群：199938498
406,932055,gg819 ,gg819
407,932161,smarthuan QQ：863955037,smarthuan
408,932267,2955335912/profile?topnav=1&amp;wvr=6,2955335912/profile?topnav=1&amp;wvr=6
409,932687,u/2706650792 ,2706650792
410,933396,eliselephant,eliselephant
411,934338,u/2856760624,u/2856760624
412,934375,tgsan,tgsan
413,935016,3167195394/profile?rightmod=1&amp;wvr=5&amp;mod=personinfo 有事请私信或在评论区@我,personinfo
414,935257,yuiai0228 ,yuiai0228
415,937046,u/2686451061,u/2686451061
416,937677,ishira,ishira
417,938225,u/2404190694,u/2404190694
418,938603,u/2141184993,u/2141184993
419,939629,u/3394667790?topnav=1&wvr=5,u/3394667790?topnav=1&wvr=5
420,941234,u/2351343522,u/2351343522
421,941422,p/1005052127525305,p/1005052127525305
422,941459,u/1802508955,u/1802508955
423,941499,rr1206,rr1206
424,943600,u/2281369334,u/2281369334
425,943997,dgyjk,dgyjk
426,945199,moyuihuge,moyuihuge
427,946328,slori,slori
428,947124,mcjiecao,mcjiecao
429,947593,u/5324809804,u/5324809804
430,947631,3224516920,3224516920
431,947901,3904899620,3904899620
432,950567,u/265463064/欢迎搅基_(:3」∠)_,u/265463064/欢迎搅基_(:3」∠)_
433,952017,coolws,coolws
434,952775,1256441160,1256441160
435,954321,u/39659213,u/39659213
436,954410,u/3290464032,u/3290464032
437,954683,winspeed ,winspeed
438,954950,2253177125,2253177125
439,955197,2680223950/profile?topnav=1&amp;wvr=6,2680223950/profile?topnav=1&amp;wvr=6
440,956054,bakaextra,bakaextra
441,956133,kajijiyukiki,kajijiyukiki
442,956684,5526477030/profile?,5526477030/profile?
443,957432,lightlsky,lightlsky
444,987478,kotomiyo,kotomiyo
445,1008200,zhp96,zhp96
446,1269539,neet39,neet39
447,1270390,1831457627/,1831457627/
448,1270530,,
449,1270730,amicol  ,amicol
450,1271699,getalife1128,getalife1128
451,1273351,2377355747,2377355747
452,1273530,201276613,201276613
453,1274135,yingruizhaohe,yingruizhaohe
454,1274230,213shark,213shark
455,1275372,u/2125513733?is_all=1,u/2125513733?is_all=1
456,1276053,3341842582/profile?topnav=1&amp;wvr=5&amp;user=1,1
457,1276249,1971528611/profile?topnav=1&amp;wvr=6渣浪地址，欢迎小伙伴勾搭！,1971528611/profile?topnav=1&amp;wvr=6渣浪地址，欢迎小伙伴勾搭！
458,1276250,2733779685/profile?topnav=1&amp;wvr=6,2733779685/profile?topnav=1&amp;wvr=6
459,1277218,u/5552721968,u/5552721968
460,1277462,u/5748884876,5748884876
461,1277899,tezukaxatobe/,tezukaxatobe/
462,1279695,u/ZSdifference 粉丝群号：463876668,ZSdifference
463,1280322,youzaizhangyuge,youzaizhangyuge
464,1280908,u/2846389922,u/2846389922
465,1281758,PssAver有个聊天群：453184835不来玩吗！,PssAver有个聊天群：453184835不来玩吗！
466,1282347,2887633022/土豆香肠尽管往本大爷身上招呼吧！,2887633022/土豆香肠尽管往本大爷身上招呼吧！
467,1284056,2762497360/profile?rightmod=1&amp;wvr=5&amp;mod=personinfo,2762497360/profile?rightmod=1&amp;wvr=5&amp;mod=personinfo
468,1284420,u/2430381700/  不过不确定啥时候上喂╮(╯▽╰)╭..有事私信好了..,u/2430381700/  不过不确定啥时候上喂╮(╯▽╰)╭..有事私信好了..
469,1284696,VeroGao,VeroGao
470,1284805,asscher,asscher
471,1286198,syoukairum,syoukairum
472,1286587,yuyakilqq,yuyakilqq
473,1286747,2180375324/,2180375324/
474,1286866,u/1505917001,u/1505917001
475,1287493,u/2643979641/home?wvr=5,u/2643979641/home?wvr=5
476,1287934,DSDSJ6868 更多小知识哦,DSDSJ6868
477,1288166,u/1806840124,u/1806840124
478,1289092,KizakiCoffee ,KizakiCoffee
479,1289282,u/1027162981【感谢砸硬币的小伙伴们！,u/1027162981【感谢砸硬币的小伙伴们！
480,1289606,pandadaaaa,pandadaaaa
481,1289617,GinSpyair,GinSpyair
482,1290635,u/1580299007,u/1580299007
483,1290856,moesakura,moesakura
484,1291131,u/3800691295,u/3800691295
485,1291740,3935229248/info 然后我就是发发微博（期待脸！,info
486,1291781,u/2616981977,2616981977
487,1291939,1628528170/,1628528170/
488,1291997,Rabboss/，努力做一只高产的兔子！,Rabboss/，努力做一只高产的兔子！
489,1292505,u/2249872080，生冷不忌慎关,u/2249872080，生冷不忌慎关
490,1292786,TsukiForSHANA/,TsukiForSHANA/
491,1293679,u/1242937503,1242937503
492,1294717,u/1840011870 欢迎勾搭&radic; ,1840011870
493,1295067,u/2840494107,u/2840494107
494,1296165,u/1666978402,u/1666978402
495,1296211,NianJS 微博名字:端午君,NianJS
496,1296925,shelley0404 ~~欢迎J家饭GD~,shelley0404
497,1297263,3629799065 偶尔诈尸,3629799065
498,1298037,u/2611234430,2611234430
499,1298163,u/2803721057,u/2803721057
500,1299706,u/1766448904,u/1766448904
501,1300731,mrleetaesu,mrleetaesu
502,1300949,u/2752607835,2752607835
503,1302585,UncleCharming,UncleCharming
504,1302861,u/2608782797,u/2608782797
505,1302871,iwannayoooooooooo,iwannayoooooooooo
506,1303211,canywong,canywong
507,1304011,u/5557362320】,u/5557362320】
508,1304242,206788040,206788040
509,1306188,kldtxh081109021215,kldtxh081109021215
510,1307760,kh2ds,kh2ds
511,1307985,311866626,311866626
512,1308090,chetanshe ,chetanshe
513,1308485,u/3120885467,u/3120885467
514,1308680,2357181684/,2357181684/
515,1308716,badom ,badom
516,1309712,2397732630,2397732630
517,1310264,5266459084/profile?topnav=1&amp;wvr=6&amp;is_all=1,5266459084/profile?topnav=1&amp;wvr=6&amp;is_all=1
518,1311321,glove930,glove930
519,1311942,1746728627,1746728627
520,1313246,PearlLotusTea 然后这个是群：497436010,PearlLotusTea
521,1314009,xzgysakura。三月粉，游戏狗。,xzgysakura。三月粉，游戏狗。
522,1314556,Tau37261232 海贼银魂死忠 欢迎勾搭,Tau37261232
523,1315102,u/3836642007,u/3836642007
524,1315326,1784040162,1784040162
525,1315720,u/1929922452,u/1929922452
526,1316165,1661144077/profile?rightmod=1&amp;wvr=5&amp;mod=personinfo.我就只会单纯的用一个魔棒了ORZ,1661144077/profile?rightmod=1&amp;wvr=5&amp;mod=personinfo.我就只会单纯的用一个魔棒了ORZ
527,1316457,dingmu,dingmu
528,1316478,asabashota,asabashota
529,1316909,lucifer7741,lucifer7741
530,1317677,xiaxiako,xiaxiako
531,1318436,cosera430,cosera430
532,1318537,u/3574427882,u/3574427882
533,1318723,u/2422656431。经常会出现一些奇怪的东西。有机会可以看到po主勾搭到的各种萌妹照片(´･ω･`),u/2422656431。经常会出现一些奇怪的东西。有机会可以看到po主勾搭到的各种萌妹照片(´･ω･`)
534,1318756,yannyyue/,yannyyue/
535,1318994,Chinesemoe,Chinesemoe
536,1319400,daiyujieshuo,daiyujieshuo
537,1320347,u/5993958170,u/5993958170
538,1320421,u/1861099235 ,1861099235
539,1320581,youxicaibi,youxicaibi
540,1320791,u/2028044247这是我的微博，欢迎交流啊！,u/2028044247这是我的微博，欢迎交流啊！
541,1321124,07261663/home?wvr=5,07261663/home?wvr=5
542,1321953,930226689,930226689
543,1322294,u/2362540740［雖然不怎麼用⋯⋯］還請大家多多關照！,u/2362540740［雖然不怎麼用⋯⋯］還請大家多多關照！
544,1322420,mushu030  年更中 谢谢支持  ,mushu030
545,1322909,dingding19890902,dingding19890902
546,1323049,loveyundili,loveyundili
547,1323266,mouzhize 感觉作品不错的话就投个币然后 关注 我吧www,mouzhize
548,1323337,234890329,234890329
549,1323374,sakura1sama,sakura1sama
550,1324064,u/3274161883,3274161883
551,1324140,u/3431899482有个Q群 ：454214146欢迎来玩(=′∇`=）,3431899482有个Q群
552,1324375,alicekyu,alicekyu
553,1325675,nekobay,nekobay
554,1325719,xivrock,xivrock
555,1325868,starlbw,starlbw
556,1326132,olaurantlee/profile?rightmod=1&amp;wvr=5&amp;mod=personinfo,personinfo
557,1326190,3074491051/profile?topnav=1&amp;amp;wvr=6,3074491051/profile?topnav=1&amp;amp;wvr=6
558,1326489,u/2694331632,u/2694331632
559,1327132,2758257061/,2758257061/
560,1327529,japiao,japiao
561,1327607,kubiningmeng ,kubiningmeng
562,1328141,u/3866345663。最近闲下来先弄点东西,u/3866345663。最近闲下来先弄点东西
563,1328163,hengerer  群：422875537,hengerer
564,1328272,513321347,513321347
565,1329530,mozisusu ,mozisusu
566,1329803,u/1877817657?topnav=1&amp;wvr=5&amp;topsug=1,u/1877817657?topnav=1&amp;wvr=5&amp;topsug=1
567,1330532,quanquanoooo qq群204086607,quanquanoooo
568,1331203,ciciHiMe,ciciHiMe
569,1331432,tongsama1,tongsama1
570,1331547,2831506682/,2831506682/
571,1331924,Cloooudy ,Cloooudy
572,1332603,tearanne,tearanne
573,1333394,hideystudio 欢迎大家关注求档,hideystudio
574,1333542,u/2436036804,u/2436036804
575,1333796,5750556957,5750556957
576,1333897,p/1005055675953038  生而為人 對不起,1005055675953038
577,1334095,dqdqz 新片EVA求鞭挞，欢迎加入大秦多奇志后援群：128433064,dqdqz
578,1334149,jiongryo,jiongryo
579,1334173,aryakagi,aryakagi
580,1336053,2243469735/profile?rightmod=1&amp;wvr=5&amp;mod=personnumber,2243469735/profile?rightmod=1&amp;wvr=5&amp;mod=personnumber
581,1336377,u/2023553403,u/2023553403
582,1336955,sadame ,sadame
583,1338124,hiiroangel,hiiroangel
584,1338769,u/2162762254,u/2162762254
585,1338787,3189758875/profile?rightmod=1&amp;wvr=5&amp;mod=pers,3189758875/profile?rightmod=1&amp;wvr=5&amp;mod=pers
586,1341476,giuoo/,giuoo/
587,1341914,u/3945933968,3945933968
588,1342706,u/2822073400,u/2822073400
589,1343276,2652433080/,2652433080/
590,1343385,uuzsama,uuzsama
591,1343580,weepclouds,weepclouds
592,1343588,doveteenie,doveteenie
593,1344364,moiwickey,moiwickey
594,1344678,aki5ra,aki5ra
595,1344778,pumpkinhead,pumpkinhead
596,1345541,575699118,575699118
597,1346403,jinmars,jinmars
598,1346994,u/2175436320,u/2175436320
599,1347116,qfps2333,qfps2333
600,1347394,1840896047,1840896047
601,1348517,zqymao ,zqymao
602,1348545,prince918 欢迎竞猜】,prince918
603,1349263,1618787760/profile?rightmod=1&amp;wvr=6&amp;mod=pe,1618787760/profile?rightmod=1&amp;wvr=6&amp;mod=pe
604,1349687,1781557494/profile?topnav=1&amp;wvr=6】,1781557494/profile?topnav=1&amp;wvr=6】
605,1350022,wraithdz/,wraithdz/
606,1350566,536578923?from=profile&amp;wvr=5&amp;loc=in,536578923?from=profile&amp;wvr=5&amp;loc=in
607,1351397,WEINIlovely;,WEINIlovely;
608,1351720,banana90098 ,banana90098
609,1352000,zyl889,zyl889
610,1353254,psivu,psivu
611,1354416,u/3402191284，经常更新两喵动态，希望能多认识一些喵星人爱好者！！,u/3402191284，经常更新两喵动态，希望能多认识一些喵星人爱好者！！
612,1354751,raytao97/沉迷男色无法自拔/爬墙没有止境/一个自娱自乐的剪刀手,raytao97/沉迷男色无法自拔/爬墙没有止境/一个自娱自乐的剪刀手
613,1354866,vinillan),vinillan)
614,1355142,rknobody,rknobody
615,1355215,u/2817201944,u/2817201944
616,1355794,theshine1,theshine1
617,1357133,u/2850899382】,u/2850899382】
618,1358919,amfairydancesix/home?wvr=5&amp;c=spr_qdhz_bd_360jsllqcj_weibo,amfairydancesix/home?wvr=5&amp;c=spr_qdhz_bd_360jsllqcj_weibo
619,1359245,nancyriddle,nancyriddle
620,1359399,u/1704391750/   ,u/1704391750/   
621,1360139,yamikage,yamikage
622,1360319,u/1010808530  爆炸吧小宇宙,1010808530
623,1361212,1851065494/profile,1851065494/profile
624,1361751,2428160560/,2428160560/
625,1362944,akitoki欢迎来找我玩( *´艸｀),akitoki欢迎来找我玩( *´艸｀)
626,1364620,u/5149272734,u/5149272734
627,1366890,u/3558294361,u/3558294361
628,1368535,KaguyaMAGIC,KaguyaMAGIC
629,1370071,ameliexuanzi,ameliexuanzi
630,1370471,u/1974215164?from=feed&amp;loc=avatar,avatar
631,1370749,p/1005051797347813/hom,p/1005051797347813/hom
632,1372112,sskhide/,sskhide/
633,1372875,1935951561】欢迎勾搭,1935951561】欢迎勾搭
634,1373396,chitoge,chitoge
635,1373616,xingdi2333,xingdi2333
636,1374638,StanleyShinne,StanleyShinne
637,1375748,u/1947205331,u/1947205331
638,1377152,u/1933238412,u/1933238412
639,1377282,afanfanqianqian,afanfanqianqian
640,1379199,u/2242071902欢迎勾搭，群号：562629698,u/2242071902欢迎勾搭，群号：562629698
641,1379377,qiubenakmt ,qiubenakmt
642,1379749,ye0806|,ye0806|
643,1384539,emrysh,emrysh
644,1385997,1218582077/profile?topnav=1&amp;wvr=5&amp;user=1    ,1
645,1387897,3512370414,3512370414
646,1390850,u/5449563332/home?wvr=5  通常是发一些自己觉得有意思的转发而已。,5
647,1390987,qidai47,qidai47
648,1391128,u/3643887783  雨辰天跳跳 desu_(:з」∠)_  蠢货一枚,3643887783
649,1392049,Taro404 支付宝：法兰太郎,Taro404
650,1392188,u/1786194797,u/1786194797
651,1392585,2371314182/围脖,围脖
652,1392613,772818041,772818041
653,1393806,fengziw,fengziw
654,1394716,574411597 ,574411597
655,1395050,u/2115830300/home?topnav=1&amp;wvr=5,5
656,1395360,273411446,273411446
657,1396633,2972285612,2972285612
658,1397627,miao102030,miao102030
659,1398247,TrembleSt,TrembleSt
660,1398405,18kin,18kin
661,1400032,2750869243,2750869243
662,1401526,u/1700076984,u/1700076984
663,1403544,taozihua,taozihua
664,1403626,jianshuishiyu,jianshuishiyu
665,1403880,3609390234/profile?topnav=1&amp;wvr=6,3609390234/profile?topnav=1&amp;wvr=6
666,1404104,lilykumiko 剪辑的视频虽然不咋滴但请不要二改二传谢谢。,lilykumiko
667,1404881,u/3083704791/home?leftnav=1&amp;wvr=5,u/3083704791/home?leftnav=1&amp;wvr=5
668,1405149,u/5457110277,u/5457110277
669,1405501,p/1005053476320974/home?from=page_100505,p/1005053476320974/home?from=page_100505
670,1406276,4i5h173ru,4i5h173ru
671,1408994,oUtP,oUtP
672,1409847,u/2438352630,2438352630
673,1410796,sichen1012,sichen1012
674,1411393,2546044907,2546044907
675,1411997,2298837441,2298837441
676,1413598,12450000,12450000
677,1413948,u/3886701922  几乎不发东西的微博,3886701922
678,1414209,u/5719120301三无神社qwq的小透明桌游设计中我丧偶你们信吗23333,u/5719120301三无神社qwq的小透明桌游设计中我丧偶你们信吗23333
679,1415418,u/3306087583,u/3306087583
680,1416627,DBLiangz,DBLiangz
681,1417104,3265927465/profile?topnav=1&amp;wvr=6,6
682,1417505,u/1967108261,u/1967108261
683,1418752,shitudema,shitudema
684,1418963,u/1801595135,u/1801595135
685,1420671,u/5469918633 可以加个关注哈,5469918633
686,1420679,wangyizhe00,wangyizhe00
687,1421076,1797468624/profile?topnav=1&amp;wvr=5&amp;user=1,1797468624/profile?topnav=1&amp;wvr=5&amp;user=1
688,1421589,u/2214386871,u/2214386871
689,1422265,hoshiyagiovanna,hoshiyagiovanna
690,1422312,u/2008212121,u/2008212121
691,1423610,809002269,809002269
692,1424526,myxlyxmq  同好一起来玩啊~,myxlyxmq
693,1424561,u/1937239347,u/1937239347
694,1425010,fengjin594,fengjin594
695,1426441,u/5256072976  欢迎各位勾搭~,5256072976
696,1427469,275555205,275555205
697,1428304,u/3305067763,3305067763
698,1428454,qiangwei,qiangwei
699,1428515,u/1626153700,u/1626153700
700,1429293,3841445749/,3841445749/
701,1429305,qianzeyuxiao,qianzeyuxiao
702,1432519,1985779105/profile,1985779105/profile
703,1433840,vivian198808,vivian198808
704,1436040,Ayer8055】,Ayer8055】
705,1437387,nothingplanet,nothingplanet
706,1437704,u/3192245485,u/3192245485
707,1438320,veslyn,veslyn
708,1438828,marucha,marucha
709,1438981,3191843110 目前歇业中,3191843110
710,1439020,u/2660448562这个？,u/2660448562这个？
711,1441090,u/1969499293,1969499293
712,1441565,vincentsue,vincentsue
713,1441568,wangxueyaosissy不准盯着我头像看，saber是我老婆！,wangxueyaosissy不准盯着我头像看，saber是我老婆！
714,1442125,rinchanlove,rinchanlove
715,1442393,3030106101,3030106101
716,1442669,,
717,1442770,u/1820502887,u/1820502887
718,1444571,mairpo,mairpo
719,1445513,u/2793144147】【粉丝群号：141270433】头像By阿曼,u/2793144147】【粉丝群号：141270433】头像By阿曼
720,1446850,Liochitu,Liochitu
721,1447017,i/5845925528。以上。,i/5845925528。以上。
722,1447698,u/2196967107,2196967107
723,1447877,addbrick  我还有个群87519172 立志做游戏区吹口琴最好的UP！,addbrick
724,1447986,u/3610605360,u/3610605360
725,1448104,u/2036157223/home?wvr=5&amp;amp,u/2036157223/home?wvr=5&amp;amp
726,1448776,Hwearyt,Hwearyt
727,1449928,gundamhaohao,gundamhaohao
728,1451829,5678366570/，分分钟互粉！！,5678366570/，分分钟互粉！！
729,1452537,u/5901137555,u/5901137555
730,1455660,u/3468373182,u/3468373182
731,1456101,1215670994/profile?topnav=1&amp;wvr=6,1215670994/profile?topnav=1&amp;wvr=6
732,1457473,NAMIZERO ,NAMIZERO
733,1457781,1992775537/profile?topnav=1&amp;wvr=5&amp;user=1 欢迎勾搭,1
734,1458085,zhenzisu,zhenzisu
735,1458475,u/2607939221,u/2607939221
736,1458973,u/2710259987,u/2710259987
737,1459799,u/3105124237,u/3105124237
738,1459816,3220409675,3220409675
739,1460825,3556156602/profile?rightmod=1&amp;wvr=6&amp;mod=per,3556156602/profile?rightmod=1&amp;wvr=6&amp;mod=per
740,1461140,u/1715829843,u/1715829843
741,1461861,u/3212492947修仙中。。。,u/3212492947修仙中。。。
742,1462249,kurunie/ ,kurunie/ 
743,1464251,u/2278747384/home?wvr=5,u/2278747384/home?wvr=5
744,1464477,jidiyuyi,jidiyuyi
745,1464562,u/1037057100/home?wvr=5】,u/1037057100/home?wvr=5】
746,1465242,2324972962/,2324972962/
747,1467091,kindaCartesian,kindaCartesian
748,1469422,5087469505/profile?topnav=1&amp;wvr=6 答应我来找我玩好吗！！！！,6
749,1470456,yokou88,yokou88
750,1472708,1849699873,1849699873
751,1473366,331940013/,331940013/
752,1475341,u/3716554994,u/3716554994
753,1476120,SunnyJwy,SunnyJwy
754,1477184,showinmay,showinmay
755,1477385,u/2757929320  ,2757929320
756,1477962,u810421936 请注明是B站的朋友们！,u810421936
757,1478835,710609123,710609123
758,1479822,d2b2b2b2b22b/home?topnav=1&amp;wvr=6 感谢关注,6
759,1479862,u/1732001213?topnav=1&wvr=5,u/1732001213?topnav=1&wvr=5
760,1480612,Prettypigeon,Prettypigeon
761,1480924,1915535764/,1915535764/
762,1481675,liuyiaha,liuyiaha
763,1482085,xilaoyeS,xilaoyeS
764,1482279,2198878592,2198878592
765,1482454,2959528027/,2959528027/
766,1482953,u/5252271385/home?wvr=5&amp;sudaref=www.baidu.com,u/5252271385/home?wvr=5&amp;sudaref=www.baidu.com
767,1484539,tzlxlynn,tzlxlynn
768,1484711,sharkkrahs 欢迎大家来聊天提意见,sharkkrahs
769,1484768,rreemmoonn,rreemmoonn
770,1485338,DDDDXD QQ群：458225405,DDDDXD
771,1486226,2110622570,2110622570
772,1486280,u/2930772771,u/2930772771
773,1486577,74eternal ,74eternal
774,1486919,u/2867355254 来找我玩嘛～,2867355254
775,1486997,u/1998920875,1998920875
776,1488393,201260551,201260551
777,1489886,2826350190/profile?topnav=1&amp;wvr=6 ,6
778,1490301,3994515567,3994515567
779,1491356,u/3159879744,u/3159879744
780,1491709,u/3756522812,u/3756522812
781,1492262,takeru0501,takeru0501
782,1492524,Qcerary,Qcerary
783,1494593,n0m1c,n0m1c
784,1495086,214123591,214123591
785,1501124,u/3687316425/,u/3687316425/
786,1501221,5131118315。,5131118315。
787,1501632,lilylethe,lilylethe
788,1501751,u/2628956253 欢迎关注~【巡音我的】,2628956253
789,1503354,u/1771587503?tongji=baiduxinshouye,u/1771587503?tongji=baiduxinshouye
790,1504319,u/1677208292,1677208292
791,1506225,morichan96,morichan96
792,1506852,newsltyzx/pro,newsltyzx/pro
793,1507114,u/1909065557,1909065557
794,1507641,u/1811105604,u/1811105604
795,1507936,2787073163/profile?topnav=1,2787073163/profile?topnav=1
796,1508114,52hibiya  一个喜欢画画的杏仁,52hibiya
797,1512174,u/3433375374,u/3433375374
798,1514207,1968310181/profile?rightmod=1&amp;wvr=6&amp;mod=personinfo    摸摸大,personinfo
799,1514835,yanhuan1030❀,yanhuan1030❀
800,2061293,2351011240/profile?topnav=1&amp;wvr=6   &larr;欢迎来戳渣浪w,6
801,2061765,u/1931231144/home?wvr=5,u/1931231144/home?wvr=5
802,2062285,574877330 这是我的存在_,574877330
803,2062287,sanhuajiang,sanhuajiang
804,2064003,u/2693913141/home?wvr=5&amp;lf=reg,u/2693913141/home?wvr=5&amp;lf=reg
805,2064432,3402779492/,3402779492/
806,2064701,u/2498160325,2498160325
807,2065075,l3332,l3332
808,2066272,105773729,105773729
809,2066734,lanbangbang/home?wvr=5&,lanbangbang/home?wvr=5&
810,2068051,p/1005051775353921,p/1005051775353921
811,2068236,u/2619791175 微博：S丶南风咖啡,2619791175
812,2071128,norgaywolf 。,norgaywolf
813,2071218,u/2961665700?profile_ftype=1&amp;is_hot=1#_0,u/2961665700?profile_ftype=1&amp;is_hot=1#_0
814,2073022,monkeyexplain,monkeyexplain
815,2073778,u/1922228717,u/1922228717
816,2074000,u/2702390764/home?topnav=1&amp;wvr=有事戳,u/2702390764/home?topnav=1&amp;wvr=有事戳
817,2075322,u/2147567840,u/2147567840
818,2075434,u/3199660851）交流群：123010205,u/3199660851）交流群：123010205
819,2076435,u/3166340327,u/3166340327
820,2076596,gekota0093,gekota0093
821,2076735,p/1005051571426395,p/1005051571426395
822,2076909,u/2803663243,u/2803663243
823,2077158,u/1569768742,u/1569768742
824,2078475,u/1767540374,u/1767540374
825,2079367,p/1005053220968424/,p/1005053220968424/
826,2080102,u/1213981923,u/1213981923
827,2080277,fayxsiya和LOFTER http://fayxsiya.lofter.com/,fayxsiya和LOFTER
828,2080564,SpringQc,SpringQc
829,2080909,u/3123127377,3123127377
830,2082585,mfstuye,mfstuye
831,2083836,coldseleno,coldseleno
832,2083854,u/2193974485,u/2193974485
833,2083941,1639883145/profile,1639883145/profile
834,2084784,yubantongxue,yubantongxue
835,2085346,u/2533542951,u/2533542951
836,2086553,jjrider,jjrider
837,2087119,swanta,swanta
838,2089647,pandachiyuu,pandachiyuu
839,2092016,3336030350/profile?rightmod=1&amp;wvr=6&amp;mod=pe,3336030350/profile?rightmod=1&amp;wvr=6&amp;mod=pe
840,2092571,601223621,601223621
841,2093016,vixzero ,vixzero
842,2093562,3733570540/profile?topnav=1&amp;wvr=6&amp;is_all=1,3733570540/profile?topnav=1&amp;wvr=6&amp;is_all=1
843,2094248,mofawuke,mofawuke
844,2094292,1778767571,1778767571
845,2094390,blueskygs,blueskygs
846,2096155,zifang110）,zifang110）
847,2096445,3040602091,3040602091
848,2097045,returnnothi,returnnothi
849,2098272,cacachico/,cacachico/
850,2098905,1785339417/profile?topnav=1&amp;wvr=6&amp;is_all=1,1785339417/profile?topnav=1&amp;wvr=6&amp;is_all=1
851,2099983,CMINGZHE @kise明哲,CMINGZHE
852,2101197,u/2451377870,u/2451377870
853,2101526,u/2502728477/home?wvr=5欢迎来拆~~~~~,u/2502728477/home?wvr=5欢迎来拆~~~~~
854,2101645,u/2349099610/,u/2349099610/
855,2101875,"u/2170748963/home?wvr=5,贴吧：鬼喵君","u/2170748963/home?wvr=5,贴吧：鬼喵君"
856,2103040,u/5677739365/home,u/5677739365/home
857,2103088,345698765,345698765
858,2103091,blacktierce,blacktierce
859,2103237,u/3697714995/home?wvr=5,u/3697714995/home?wvr=5
860,2104360,alyses,alyses
861,2106957,u/1918193003,u/1918193003
862,2107051,u/5609359382,u/5609359382
863,2107615,u/1776912603,u/1776912603
864,2109425,u/3055087015/home?wvr=5&amp;lf=reg,u/3055087015/home?wvr=5&amp;lf=reg
865,2109802,nihaoqie,nihaoqie
866,2110634,jianduqiu,jianduqiu
867,2112393,u/3021459293,u/3021459293
868,2112517,1604812435/profile?topnav=1&amp;wvr=6,1604812435/profile?topnav=1&amp;wvr=6
869,2112673,u/2491503764 欢迎来找我玩耍w,2491503764
870,2112695,1837146527/profile?topnav=1&amp;wvr=6&amp;is_all,1837146527/profile?topnav=1&amp;wvr=6&amp;is_all
871,2113011,qingyandouM,qingyandouM
872,2113033,u/3715724881，欢迎来戳(*/ω＼*)虽然我是哈哈党2333,u/3715724881，欢迎来戳(*/ω＼*)虽然我是哈哈党2333
873,2113809,u/1826765592我的微博 高产MODE ON,1826765592我的微博
874,2114039,u/2417182067,u/2417182067
875,2116545,Meconopsis,Meconopsis
876,2116581,u/1427980942/home?wvr=5 人生是假亦是真。如梦又如幻！,5
877,2117404,tosecond,tosecond
878,2117683,irisjxy欢迎来找我玩哟,irisjxy欢迎来找我玩哟
879,2117788,DeluCat,DeluCat
880,2119030,u/1937676865,u/1937676865
881,2120164,u/3416181054,u/3416181054
882,2121099,573499339   ,573499339
883,2121279,zhzzero,zhzzero
884,2124673,youyudefeixiang,youyudefeixiang
885,2128350,fuyuncloud,fuyuncloud
886,2129074,2431923923/profile?topnav=1&amp;wvr=6,6
887,2132669,5723740222,5723740222
888,2133461,u/2117523471,u/2117523471
889,2134181,5253493471/profile?topnav=1&amp;wvr=5&amp;user=1,5253493471/profile?topnav=1&amp;wvr=5&amp;user=1
890,2134195,5653074582 科学神社门牌号：129217101,5653074582
891,2135577,3606914532/profile?topnav=1&amp;wvr=6 我爱杨洋~,6
892,2137180,u/2709593862,u/2709593862
893,2138300,tracyshuweihao,tracyshuweihao
894,2142806,2283747720,2283747720
895,2145047,qingqiuju,qingqiuju
896,2145464,qinxz711,qinxz711
897,2145881,u/3619291965,u/3619291965
898,2148217,u/1838465504/,u/1838465504/
899,2149621,u/3231792742  ,3231792742
900,2150783,luckylucky7,luckylucky7
901,2152552,u/3091347853,u/3091347853
902,2153390,2291970422/,2291970422/
903,2153457,3793593843/profile?topnav=1&amp;wvr=6,3793593843/profile?topnav=1&amp;wvr=6
904,2155624,NanoMarcella,NanoMarcella
905,2156607,u/5967499291,u/5967499291
906,2157830,wizzp,wizzp
907,2157946,u/2989948254,u/2989948254
908,2158000,farseerx 交流群： 426338882,farseerx
909,2158580,339060111,339060111
910,2159165,3272262194,3272262194
911,2159677,2802704112,2802704112
912,2161451,u/1751619217,u/1751619217
913,2162841,u/5738800260,u/5738800260
914,2163404,3163173164/profile?rightmod=1&amp;wvr=5&amp;mod=pe,3163173164/profile?rightmod=1&amp;wvr=5&amp;mod=pe
915,2163728,5033992815/profile?rightmod=1&amp;wvr=6&amp;,5033992815/profile?rightmod=1&amp;wvr=6&amp;
916,2163754,lovekaji,lovekaji
917,2165541,p/1005053393674412/home?from=page_100505&amp;mod=TAB#place,place
918,2167317,2288043312/profile?topnav=1&amp;wvr=6,2288043312/profile?topnav=1&amp;wvr=6
919,2169479,276939900,276939900
920,2170085,234670307,234670307
921,2172632,u/1926090533,u/1926090533
922,2172868,u/1609458721,u/1609458721
923,2174562,u/3711149374,u/3711149374
924,2175443,2879913880 欢迎大家关注，么么哒~,2879913880
925,2175822,Feb11th),Feb11th)
926,2175938,fivestar233,fivestar233
927,2176892,2011570723/profile?topnav=1&amp;wvr=6 （才不会说是来骗粉的_(:з」∠)_）,6
928,2178821,u/2024959681,u/2024959681
929,2180674,MomoKaOvO,MomoKaOvO
930,2182872,5441356178/profile?ri,5441356178/profile?ri
931,2769587,SORAcq 企鹅群：93971771,SORAcq
932,2771237,u/5149222456,u/5149222456
933,2772481,u/1964318993,u/1964318993
934,2772492,u/2607466905,u/2607466905
935,2773060,mryell】,mryell】
936,2773582,zjchow,zjchow
937,2774993,95xiansheng 贴吧置顶帖：95先生吧,95xiansheng
938,2779215,yjun233 @y君丶,yjun233
939,2779437,u/3673470727 请随意勾搭w,3673470727
940,2782187,u/1142377473,1142377473
941,2782741,u/5234181589,u/5234181589
942,2782787,ameliac,ameliac
943,2784379,2344737142,2344737142
944,2785158,WeiManBi,WeiManBi
945,2785855,ztztztzt777,ztztztzt777
946,2787267,57445238,57445238
947,2792285,sakurayalisa/,sakurayalisa/
948,2798136,u/3919795334,u/3919795334
949,2799238,xinkid520,xinkid520
950,2800079,u/2775443175 凶萌 ฅ(๑˙o˙๑)ฅ,2775443175
951,2801312,5068859293/profile?topnav=1&amp;wvr=6,5068859293/profile?topnav=1&amp;wvr=6
952,2802846,zongque,zongque
953,2802958,ss940,ss940
954,2803313,u/5243968964,u/5243968964
955,2805376,u/173***73542,u/173***73542
956,2807918,1667160165,1667160165
957,2809683,ahahahfox,ahahahfox
958,2813000,u/2168058837,2168058837
959,2813116,u/2577327632,u/2577327632
960,2814390,u/2289518972,u/2289518972
961,2814418,2406946832】,2406946832】
962,2816140,3627989094,3627989094
963,2818508,5587578380,5587578380
964,2819014,279443301,279443301
965,2819238,2365942155,2365942155
966,2821801,leeyunyan,leeyunyan
967,2824289,u/3700405085,u/3700405085
968,2826290,u/2237659104/home?topnav=1&amp;wvr=6,u/2237659104/home?topnav=1&amp;wvr=6
969,2826736,25Mario,25Mario
970,2830897,canola233 欢迎来玩儿~,canola233
971,2831654,ysyaoshao,ysyaoshao
972,2834434,2387097852,2387097852
973,2835870,u/3628840381 欢迎大家来粉哦~~可心喵の喵屋80116981欢迎喵奴的加入哦~,3628840381
974,2838131,607123968,607123968
975,2839039,2451357082/profile?topnav=1&amp;wvr=5&amp;user=1 欢迎来玩耍,1
976,2839530,mangguolao,mangguolao
977,2840230,u/2262242815，多情的汉堡桑。没时间直播会做视频继续给大家带来欢乐吧。,u/2262242815，多情的汉堡桑。没时间直播会做视频继续给大家带来欢乐吧。
978,2841726,u/3905130090,u/3905130090
979,2842828,1737632774/profile?topnav=1,1737632774/profile?topnav=1
980,2845771,u/3637557807/home,u/3637557807/home
981,2846803,2097809297/,2097809297/
982,2846885,5060378280/profile?rightmod=1&amp;wvr=6&amp;mod=personinfo,5060378280/profile?rightmod=1&amp;wvr=6&amp;mod=personinfo
983,2868007,u/5617591307】,u/5617591307】
984,2868968,u/5835836227,u/5835836227
985,2869787,ruoguwww,ruoguwww
986,2872886,u/3413372772/,u/3413372772/
987,2872985,u/5625036361  关注征集中哦 支持我的大家来波关注哦!!,5625036361
988,2873306,tansuan,tansuan
989,2874853,5212998021/,5212998021/
990,2877288,u/2174077881/home?wvr=5，以后发视频尽量先在那边预告吧。,u/2174077881/home?wvr=5，以后发视频尽量先在那边预告吧。
991,2877784,u/1589120782 @绿水喵,1589120782
992,2878293,u/1801756262/home?wvr=5&amp;c=spr_qdhz_bd_baidusmt_weibo_s,u/1801756262/home?wvr=5&amp;c=spr_qdhz_bd_baidusmt_weibo_s
993,2878453,u/3648390175 icon：阿酱,3648390175
994,2879525,u/2423868340,2423868340
995,2881863,u/1989131602 ,1989131602
996,2884534,3745590943,3745590943
997,2886328,ws4g,ws4g
998,2889803,310827622,310827622
999,2892601,3261016821/profile?,3261016821/profile?
1000,2894271,u/2002398423,u/2002398423
1001,2895733,5456356327/,5456356327/
1002,2897676,xygz45,xygz45
1003,2899540,u/2788600585/home?wvr=5,5
1004,2899681,ahogeya,ahogeya
1005,2900470,u/3958150602,u/3958150602
1006,2900701,5762988854,5762988854
1007,2901153,u/3291408737,u/3291408737
1008,2902040,jianpanman,jianpanman
1009,2903171,tvxqxxx,tvxqxxx
1010,2908773,tystu @铁一学子,tystu
1011,2909864,longyi0214   ~欢迎各位小伙伴们来交流,longyi0214
1012,2911665,yisangsang,yisangsang
1013,2912059,5041548519/profile?topnav=1&amp;amp;amp;wvr=5&amp;amp;a,5041548519/profile?topnav=1&amp;amp;amp;wvr=5&amp;amp;a
1014,2916255,u/2614031312 随缘直播 欢迎来BB聊天,2614031312
1015,2917284,xiayeyuanshou,xiayeyuanshou
1016,2919688,1786216733/profile?topnav=1&amp;wvr=6,1786216733/profile?topnav=1&amp;wvr=6
1017,2921981,u/2246074502,u/2246074502
1018,2922591,2610594147,2610594147
1019,2922875,u/5873644422/home,u/5873644422/home
1020,2923816,sanjingmijiang ,sanjingmijiang
1021,2925636,xianlinyin,xianlinyin
1022,2927842,byronnip ,byronnip
1023,2928839,Grinw 交流群：129116936,Grinw
1024,2929779,2858098433/,2858098433/
1025,2930488,u/5035310222这里梦梦√撸撸MAD√玩玩MC√弹弹琴√比较懒你们看着办吧,u/5035310222这里梦梦√撸撸MAD√玩玩MC√弹弹琴√比较懒你们看着办吧
1026,2933294,lan17zyc 欢迎勾搭~,lan17zyc
1027,2934983,wclower,wclower
1028,2935994,u/2857348454,2857348454
1029,2939061,u/5108709512/ 欢迎勾搭(๑•̀ㅁ•́๑)✧,u/5108709512/ 欢迎勾搭(๑•̀ㅁ•́๑)✧
1030,2940997,5466718***3/profile?topnav=1&amp;amp;wvr=6,5466718***3/profile?topnav=1&amp;amp;wvr=6
1031,2941510,u/3214514934 更多资源会在微博放送！,3214514934
1032,2942967,u/3793270643,u/3793270643
1033,2944797,u/2654268391,u/2654268391
1034,2949030,zsproj,zsproj
1035,2952020,u/2424320633,u/2424320633
1036,2952850,u/3040512613,u/3040512613
1037,2953560,u/3499174,u/3499174
1038,2956108,JingLemon233,JingLemon233
1039,2958894,holarula/喵喵喵,holarula/喵喵喵
1040,2959985,1847251245/profile?rightmod=1&amp;wvr=5&amp;mod=personinfo,1847251245/profile?rightmod=1&amp;wvr=5&amp;mod=personinfo
1041,2963710,bloodmikan,bloodmikan
1042,2966301,2679965091,2679965091
1043,2966363,501275626 】唱吧:_曟檒_,501275626
1044,2966367,u/1864476694?from=myfollow_all希望大家多多支持！,u/1864476694?from=myfollow_all希望大家多多支持！
1045,2966518,akimotouta,akimotouta
1046,2967374,xuanshang22 ,xuanshang22
1047,2969316,u/1715995137,u/1715995137
1048,2971602,paulwei,paulwei
1049,2972606,3615225044）,3615225044）
1050,2973494,u/3700676473,u/3700676473
1051,2973900,5170664749/ 你猜介四吗,5170664749/ 你猜介四吗
1052,2974270,tonguewave,tonguewave
1053,2974665,u/3572187252,u/3572187252
1054,2975695,2579973434 我是大黄(°∀°)ﾉ,2579973434
1055,2977459,u/5496802699,u/5496802699
1056,2979053,u/5038895329     @黑小嗷(翻译菌我要给你生猴子),5038895329
1057,2983064,1710861352/,1710861352/
1058,2988459,u/5157121947/home?wvr=5,u/5157121947/home?wvr=5
1059,2989808,5485352489/,5485352489/
1060,2990683,u/3250696784,u/3250696784
1061,2990687,u/2108094560,u/2108094560
1062,2990805,u/2654804413 @四季童话candy,2654804413
1063,2995637,271442289@冬雪初音，目前是个渣翻，主翻日歌，希望大家可以支持我！ ,271442289@冬雪初音，目前是个渣翻，主翻日歌，希望大家可以支持我！ 
1064,2997028,angeyaung,angeyaung
1065,2998077,3adai4,3adai4
1066,2999257,u/1864822342,u/1864822342
1067,3000645,fargo0518,fargo0518
1068,3002511,u/5099108690,u/5099108690
1069,3004967,KuceraJ012322,KuceraJ012322
1070,3005395,dmxhx,dmxhx
1071,3007790,Sallywohoho ,Sallywohoho
1072,3008250,musezhisheng,musezhisheng
1073,3009059,3053915617/profile?topnav=1&amp;wvr=6&am,3053915617/profile?topnav=1&amp;wvr=6&am
1074,3009313,yxylemon,yxylemon
1075,3010534,maoqicai,maoqicai
1076,3012153,u/5394761696，直播的手游都玩的不久，如果喜欢的话点个关注我会很开心的。,u/5394761696，直播的手游都玩的不久，如果喜欢的话点个关注我会很开心的。
1077,3013281,kurainsama/,kurainsama/
1078,3014435,u/5804601668/home?wvr=5这是我的新浪微博,5这是我的新浪微博
1079,3015415,u/3749943782,u/3749943782
1080,3015826,demoDAZE,demoDAZE
1081,3015961,2607723911 应援群：277827429,2607723911
1082,3016549,u/3762132513 欢迎小伙伴来一起玩（并没有小伙伴。,3762132513
1083,3020328,truefeitian,truefeitian
1084,3021320,u/2534658322,u/2534658322
1085,3023359,kleinlight PIXIV：id=9516209,kleinlight
1086,3027011,9kimyo,9kimyo
1087,3029252,jgbdx,jgbdx
1088,3030228,amnosie  B站小号戳：http://space.bilibili.com/3522551 ,amnosie
1089,3031445,u/3968616053,u/3968616053
1090,3034444,wssswsw,wssswsw
1091,3035375,PeterQKB,PeterQKB
1092,3036195,u/3907262220,u/3907262220
1093,3040336,p/1005052152867107,p/1005052152867107
1094,3042005,thundus,thundus
1095,3043814,u/319180416,u/319180416
1096,3046012,u/2933047322,u/2933047322
1097,3046733,ckh1185184546 ,ckh1185184546
1098,3051015,626230380 ,626230380
1099,3051874,ruohuandaren,ruohuandaren
1100,3053296,inwaishe,inwaishe
1101,3053581,ergouzizhenkeai,ergouzizhenkeai
1102,3055496,235581789,235581789
1103,3056348,xyonlyx,xyonlyx
1104,3056741,3059724743/profile?rightmod=1&amp;wvr=6&amp;mod=personnumber,3059724743/profile?rightmod=1&amp;wvr=6&amp;mod=personnumber
1105,3057807,u/2212015543,u/2212015543
1106,3063265,u/2060137171,u/2060137171
1107,3063980,satoshi24/,satoshi24/
1108,3065997,u/5773922412,u/5773922412
1109,3066511,gentlemanwenhe,gentlemanwenhe
1110,3066531,wswgins,wswgins
1111,3067428,327252227,327252227
1112,3068661,1931823552/profile?topnav=1&amp;wvr=6,1931823552/profile?topnav=1&amp;wvr=6
1113,3068936,u/5098956915,u/5098956915
1114,3071290,2636524130/profile?topnav=1&amp;wvr=6,2636524130/profile?topnav=1&amp;wvr=6
1115,3076634,kumamiko,kumamiko
1116,3077509,sanglinzi,sanglinzi
1117,3078629,u/2614204455/home?wvr=5,u/2614204455/home?wvr=5
1118,3078999,yihajiang有兴趣可以关注下,yihajiang有兴趣可以关注下
1119,3079107,u/3720978721,u/3720978721
1120,3079273,scarletlight咸鱼翻唱，玩耍群：541071957,scarletlight咸鱼翻唱，玩耍群：541071957
1121,3080574,saosaocoser,saosaocoser
1122,3081578,5471639653多交朋友♂多些关爱,5471639653多交朋友♂多些关爱
1123,3082638,spirithouseholdhtc82,spirithouseholdhtc82
1124,3082666,u/2076551483,u/2076551483
1125,3083836,LiangCheShui,LiangCheShui
1126,3084901,simoniki,simoniki
1127,3087785,mrdell,mrdell
1128,3087817,u/2240339820,u/2240339820
1129,3087844,u/2053829471,u/2053829471
1130,3088363,u/364181057,u/364181057
1131,3090220,Mminister,Mminister
1132,3090465,u/2136838151初次见面 多多关照,2136838151初次见面
1133,3091416,sunnyrainer,sunnyrainer
1134,3093764,u/3282774807,u/3282774807
1135,3094778,u/3691933702,3691933702
1136,3094999,goodbayali2008,goodbayali2008
1137,3098129,sum4y 。,sum4y
1138,3100794,u/5864641772 欢迎勾搭,5864641772
1139,3103084,u/5115286987||交流群：613038551||世界终结的绘本||,u/5115286987||交流群：613038551||世界终结的绘本||
1140,3103716,qianliyuhua,qianliyuhua
1141,3103975,GP233,GP233
1142,3105862,u/2111405794,u/2111405794
1143,3106552,1658766887,1658766887
1144,3107314,thanatos4713  随音而动，随奏而行,thanatos4713
1145,3107614,u/3577114530,u/3577114530
1146,3107942,p/1005051609198984/home?from=page_100505&amp;mod=TAB&amp;is_all=1#place,p/1005051609198984/home?from=page_100505&amp;mod=TAB&amp;is_all=1#place
1147,3108628,u/5129195502/home?topnav=1&amp;wvr=5&amp;page=1&amp;pre_page=2&amp;max,u/5129195502/home?topnav=1&amp;wvr=5&amp;page=1&amp;pre_page=2&amp;max
1148,3110409,u/5034346098,u/5034346098
1149,3110483,Qianmomo0202,Qianmomo0202
1150,3112781,u/5754868611,u/5754868611
1151,3113626,3178972860/profile?topnav=1&amp;wvr=6【偶尔当老司机发发车】,3178972860/profile?topnav=1&amp;wvr=6【偶尔当老司机发发车】
1152,3113963,foxinfog  欢迎勾搭~,foxinfog
1153,3115091,p/1005055247482951/home,p/1005055247482951/home
1154,3115811,losemyself128,losemyself128
1155,3117136,u/1888555321。群号：79449404,u/1888555321。群号：79449404
1156,3119963,zhouab或我的贴吧周阿b吧  今年高考高考完转型做游戏实况望观众多多支持,zhouab或我的贴吧周阿b吧
1157,3123597,13723787,13723787
1158,3125828,dcsreport/,dcsreport/
1159,3128362,deepred5,deepred5
1160,3128672,u/2062956021,u/2062956021
1161,3129030,u/2254163704   夕晨哥哥_913,2254163704
1162,3131566,1642863087/,1642863087/
1163,3132736,SkyQAQ,SkyQAQ
1164,3133824,DiaosiZai ,DiaosiZai
1165,3134488,u/1909516485,u/1909516485
1166,3134831,u/5586096527/home?wvr=5 欢迎大家来找我玩（´∀｀*) ,5
1167,3139265,kseniawong,kseniawong
1168,3145952,p/1005053930107102/home?,p/1005053930107102/home?
1169,3149710,JennySparrow （有空会把一些高清截图放上去，偶尔会撒点狗粮）=￣ω￣=   注: 所有视频未经授权禁止转载,JennySparrow
1170,3151235,u/5651230617,u/5651230617
1171,3152163,5217366906/profile?topnav=1&amp;wvr=6,5217366906/profile?topnav=1&amp;wvr=6
1172,3152293,u/2688428177,u/2688428177
1173,3152884,u/5287233280,u/5287233280
1174,3154426,kolosakiyijiku,kolosakiyijiku
1175,3154843,u/5163253754,u/5163253754
1176,3156821,seis6,seis6
1177,3156867,mapleMAD || 木风MAD交流邻人部 280336758 || 猫爵映画吉祥物,mapleMAD
1178,3157003,p/1005051141796285/home?from=page_1,p/1005051141796285/home?from=page_1
1179,3158353,chenquer,chenquer
1180,3158485,3229144073,3229144073
1181,3159086,ABSOLOOK）5sing主页：ABSOLOOK,ABSOLOOK）5sing主页：ABSOLOOK
1182,3159676,u/2463439763  ,2463439763
1183,3160897,5318666486/profile?rightmod=1&amp;wvr=6&amp;mod=personinf,5318666486/profile?rightmod=1&amp;wvr=6&amp;mod=personinf
1184,3161609,1973248645/profile?topnav=1&amp;wvr=6&amp;is_all=1微博,1973248645/profile?topnav=1&amp;wvr=6&amp;is_all=1微博
1185,3164124,u/5487146593,u/5487146593
1186,4687812,u/5354021141/home?wvr=5,5
1187,4689012,2612891307/,2612891307/
1188,4689433,unicorn0520/  日常蹲微博,unicorn0520/  日常蹲微博
1189,4690171,5100710736。,5100710736。
1190,4690860,RV8KG 日本赛车相关,RV8KG
1191,4694052,2525564430/profile?rightmod=1&amp;wvr=6&amp;mod=personinfo,2525564430/profile?rightmod=1&amp;wvr=6&amp;mod=personinfo
1192,4694849,2603548081/profile?topnav=1&amp;wvr=5,5
1193,4695771,2313275107/profile  ,profile
1194,4699314,xsnao,xsnao
1195,4707230,2331600247,2331600247
1196,4715237,u/5318302601,u/5318302601
1197,4715704,u/3224679655,u/3224679655
1198,4717483,andyberlin,andyberlin
1199,4720243,5016902888/profile?t,5016902888/profile?t
1200,4722378,MIzukiTaiyo0026,MIzukiTaiyo0026
1201,4723865,u/5142620653【我们的微博！欢迎大家来关注w】,u/5142620653【我们的微博！欢迎大家来关注w】
1202,4726635,u/5063174663,u/5063174663
1203,4727888,u/1972921257,u/1972921257
1204,4730564,u/5123756148,u/5123756148
1205,4732121,u/5495100306,u/5495100306
1206,4732800,u/3154268952,u/3154268952
1207,4736509,2604701947,2604701947
1208,4746166,6130817043,6130817043
1209,4746432,515282340,515282340
1210,4746819,u/3170432675,u/3170432675
1211,4747603,u/3177448842 微博.,3177448842
1212,4772701,tchats/,tchats/
1213,4772928,u/2676807831  有任何创意都欢迎私信w,2676807831
1214,4776859,Bairike,Bairike
1215,4778892,MOSAICSWEET,MOSAICSWEET
1216,4779260,u/5560127951?is_all=1,u/5560127951?is_all=1
1217,4780719,u/5127877121,u/5127877121
1218,4781070,u/5609923289   ,5609923289
1219,4782902,xlidaoyan,xlidaoyan
1220,4785817,523292348,523292348
1221,4786376,p/1005055370786892/home?from=page_100505_profile&amp;wvr=6&amp;mod=data,p/1005055370786892/home?from=page_100505_profile&amp;wvr=6&amp;mod=data
1222,4794183,u/3934739750老夫的微博，,u/3934739750老夫的微博，
1223,4795395,p/1005052655825195,p/1005052655825195
1224,4799097,u/2476017077,u/2476017077
1225,4799448,yinzhuheishui】,yinzhuheishui】
1226,4800048,u/1662754841,u/1662754841
1227,4800551,u/1375344602   欢迎勾搭么么哒,1375344602
1228,4803387,hofut9677,hofut9677
1229,4804192,p/1005053123002831/home?from=page_100505&amp;mod=TAB#place,p/1005053123002831/home?from=page_100505&amp;mod=TAB#place
1230,4804646,scoq,scoq
1231,4805744,5235513514,5235513514
1232,4811600,cccc424,cccc424
1233,4819231,u/3209088395 @Christal_深夜睡不著好难受,3209088395
1234,4820495,fredknighttt,fredknighttt
1235,4821928,1729598411,1729598411
1236,4830207,fmorich/,fmorich/
1237,4832086,jixiaotuier,jixiaotuier
1238,4835169,u/3219895584,u/3219895584
1239,4835442,2279346604/profile?rightmod=1&amp;wvr=6&amp;mo,2279346604/profile?rightmod=1&amp;wvr=6&amp;mo
1240,4836399,demonxue ,demonxue
1241,4841398,5200560732/profile?topnav=1&amp;wvr=5&amp;user=1,5200560732/profile?topnav=1&amp;wvr=5&amp;user=1
1242,4843435,5275308879/profile?topnav=1&amp;wvr=6 新时代的开始，恭喜勇士队夺得nba总冠军， ,6
1243,4847447,2886389700/,2886389700/
1244,4852623,u/5409498445/home,u/5409498445/home
1245,4853077,5642672591/profile?rightmod=1&amp;wvr=6&amp;mod=personinfo,personinfo
1246,4855019,FKSandra/，来找我玩呀。,FKSandra/，来找我玩呀。
1247,4855938,u/53929028,u/53929028
1248,4860199,1821481552,1821481552
1249,4860454,u/5271725386  lofter:不吃辣椒不蘸酱,5271725386
1250,4866079,u/2279783797,2279783797
1251,4867209,516903451,516903451
1252,4868003,Zhongningwww】么么哒～,Zhongningwww】么么哒～
1253,4868149,u/3204651257,u/3204651257
1254,4870926,GuicaiSauce,GuicaiSauce
1255,4871106,sakiko233  油库：i.youku.com/ThousandSakura ,sakiko233
1256,4873202,slideaway ,slideaway
1257,4875445,foxyhulijun,foxyhulijun
1258,4876943,2109548392   ,2109548392
1259,4879060,u/2963458312,u/2963458312
1260,4881308,5091156469/profile?rightmod=1&amp;wvr=6&amp;mod=personinfo,5091156469/profile?rightmod=1&amp;wvr=6&amp;mod=personinfo
1261,4891429,604678020,604678020
1262,4893712,u/5943055214,u/5943055214
1263,4894865,qilinmmd,qilinmmd
1264,4895244,Jove7,Jove7
1265,4905647,u/2327085484,u/2327085484
1266,4910742,u/1897920692   5ing：5sing.kugou.com/14221172,1897920692
1267,4913276,sawajirierikachina,sawajirierikachina
1268,4928390,u/3735648640 ,3735648640
1269,4932288,u/3976173274,u/3976173274
1270,4939856,NeonSAMA,NeonSAMA
1271,4942159,rijufansjun/,rijufansjun/
1272,4957782,u/m252,u/m252
1273,4958428,u/5543900760/home,u/5543900760/home
1274,4965531,u/2266919695,u/2266919695
1275,4967516,kuraneko,kuraneko
1276,4969772,ChiTuGin,ChiTuGin
1277,4970495,bilibiliqs,bilibiliqs
1278,4971706,5782684727/profile@弦砸一只,5782684727/profile@弦砸一只
1279,4971890,shujinyan ,shujinyan
1280,4978769,5642543071,5642543071
1281,4981572,u/5253143360,5253143360
1282,4987901,kajikajika,kajikajika
1283,4990851,miconioides ,miconioides
1284,4995883,u/suhaoxi,u/suhaoxi
1285,4996871,3949600991/profile?topnav=1&amp;wvr=6,3949600991/profile?topnav=1&amp;wvr=6
1286,4997181,baizeyd,baizeyd
1287,5001478,5175090659/profile?rightmod=1&amp;wvr=6&amp;mod=personinfo,5175090659/profile?rightmod=1&amp;wvr=6&amp;mod=personinfo
1288,5001873,matongtuan 希望能有更多人加入我们！,matongtuan
1289,5009182,515335679 【总有一天我会让这里座无虚席】,515335679
1290,5012480,2937637933/profile?,2937637933/profile?
1291,5018418,u/5706190617/home?leftnav=1,u/5706190617/home?leftnav=1
1292,5023033,5****52599/p,5****52599/p
1293,5023946,u/3269659207,u/3269659207
1294,5025469,hualijiu ,hualijiu
1295,5029727,3655321131,3655321131
1296,5030507,u/3891690396/home?wvr=5&amp;c=spr_sinamktbd_bd_baidub_weibo_t001#_rnd1405786,u/3891690396/home?wvr=5&amp;c=spr_sinamktbd_bd_baidub_weibo_t001#_rnd1405786
1297,5034485,1946101472/profile?topnav=1&amp;wvr=6,1946101472/profile?topnav=1&amp;wvr=6
1298,5034966,yunmingtanhua,yunmingtanhua
1299,5040525,suginoyume,suginoyume
1300,5043226,liuyuhangprprpr,liuyuhangprprpr
1301,5048202,5229548204/profile?rightmod=1&amp;wvr=6&amp;mod=pe,5229548204/profile?rightmod=1&amp;wvr=6&amp;mod=pe
1302,5049905,u/1843212154,u/1843212154
1303,5050862,3277258980,3277258980
1304,5052232,416810134,416810134
1305,5052948,Kaumo请多指教哦_(:з」∠)_,Kaumo请多指教哦_(:з」∠)_
1306,5054466,u/3926327428,u/3926327428
1307,5056945,u/1594009303,u/1594009303
1308,5063473,u/1719747465,u/1719747465
1309,5064819,579855778 ,579855778
1310,5064873,3132052907/profile?topnav=1&amp;wvr=6,3132052907/profile?topnav=1&amp;wvr=6
1311,5069253,hjh627 ,hjh627
1312,5071405,misililiy ,misililiy
1313,5072672,u/5551417284  一起来玩吧,5551417284
1314,5078203,718249466LG不定期上传剪辑作品,718249466LG不定期上传剪辑作品
1315,5078275,u/3361418472,3361418472
1316,5083595,678586729  欢迎勾搭  私信都会回的  点↑+关注又不会怀孕→_→,678586729
1317,5083630,2772034864,2772034864
1318,5083871,u/2602306721   Cww程  欢迎大家来粉~求关注啦~,2602306721
1319,5091271,u/2688264503 虽然没有啥但可以聊个天嘛٩(˃̶͈̀௰˂̶͈́)و,2688264503
1320,5093036,2138170775,2138170775
1321,5096665,u/13706,u/13706
1322,5097018,u/2580950284/home?topnav=1&amp;wvr=6 ,6
1323,5098342,u/5318608616,u/5318608616
1324,5099889,1785426282,1785426282
1325,5105097,2494541353,2494541353
1326,5110742,u/5174242957,u/5174242957
1327,5123704,1774797177/profile?topnav=1&amp;wvr=6,1774797177/profile?topnav=1&amp;wvr=6
1328,5124649,chenhansiri,chenhansiri
1329,5128773,u/3885083967,3885083967
1330,5129949,bandengss/profile?rightmod=1&amp;wvr=6&amp;mod=personin,bandengss/profile?rightmod=1&amp;wvr=6&amp;mod=personin
1331,5130008,3403610712/profile?rightmod=1&amp;wvr=5&amp;mod=personinfo  五迷一只~~银时大本命，乃团入坑中。,personinfo
1332,5132795,lianglelxc,lianglelxc
1333,5135774,u/3714900904,u/3714900904
1334,5141404,231322344,231322344
1335,5143462,aircraft233 QQ群425012942,aircraft233
1336,5147613,jakxt,jakxt
1337,5149751,yangtuojunzhu,yangtuojunzhu
1338,5150132,xckxck,xckxck
1339,5152588,glassesQAQ,glassesQAQ
1340,5153886,lianzhichen0808,lianzhichen0808
1341,5161765,u/6043897067 閒雲野鶴無常在，何處江天不可飛,6043897067
1342,5168383,u/5132371317,u/5132371317
1343,5172371,2111146932/profile?topnav=1&amp;wvr=5&amp;user=1,2111146932/profile?topnav=1&amp;wvr=5&amp;user=1
1344,5174212,wanyanhuaying,wanyanhuaying
1345,5175119,5678332435/profile?topnav=1&amp;wvr=6,5678332435/profile?topnav=1&amp;wvr=6
1346,5177686,STLJ520,STLJ520
1347,5184578,u/3417553160】,u/3417553160】
1348,5187781,yxy1117,yxy1117
1349,5188108,pytaroc,pytaroc
1350,5189596,ailiuxiner 不用怀疑！我就是那个土口衣！ 请勿二次上传，禁抹logo，谢谢,ailiuxiner
1351,5189651,yumichongaicong 声控】李宇春】阿尔托莉雅】钉宫理惠】茅野爱衣】龙虎一生推】血界黑白绝【长期闭关,yumichongaicong
1352,5193888,mlmofenglan,mlmofenglan
1353,5195173,u/5244978211,u/5244978211
1354,5200659,u/2216081763  欢迎勾搭,2216081763
1355,5203970,HuanULi,HuanULi
1356,5214848,5198536262/profile?firstfeed=1&amp;stat_date=201408&amp;page=1#feed,5198536262/profile?firstfeed=1&amp;stat_date=201408&amp;page=1#feed
1357,5215734,u/2612199827,u/2612199827
1358,5220012,Jackeriss,Jackeriss
1359,5221320,onlyvsun QQ：859049197,onlyvsun
1360,5225548,sunrenmolly851121,sunrenmolly851121
1361,5229545,u/5668270555,u/5668270555
1362,5233649,oraclesenshi,oraclesenshi
1363,5237465,HR45,HR45
1364,5238947,u/5252589537,u/5252589537
1365,5240149,2944598752,2944598752
1366,5249119,2736879437,2736879437
1367,5249198,5285563997,5285563997
1368,5250023,u/1547784062,u/1547784062
1369,5250157,Tikozing/home?w,Tikozing/home?w
1370,5254376,noVOEZ,noVOEZ
1371,5258274,movingquiet,movingquiet
1372,5259011,u/1798747973,u/1798747973
1373,5264374,2306952597/profile?topnav=1&amp;amp;w,2306952597/profile?topnav=1&amp;amp;w
1374,5268090,u/3969655640/home?wvr=5,u/3969655640/home?wvr=5
1375,5270230,SPHINXVON,SPHINXVON
1376,5276022,5518192374/,5518192374/
1377,5291293,u/5314459858,u/5314459858
1378,5292301,IzayoiKanade  @十六夜家的阿奏君,IzayoiKanade
1379,5293405,u/5285804937?from=profile&amp;wvr=5&amp;loc=infdomain，么么哒,u/5285804937?from=profile&amp;wvr=5&amp;loc=infdomain，么么哒
1380,5293668,SkyfuckerShen,SkyfuckerShen
1381,5293776,ghfshike,ghfshike
1382,5298156,zxc1018/profile?rightmod=1&amp;wvr=5&amp;,zxc1018/profile?rightmod=1&amp;wvr=5&amp;
1383,5300485,yockig～不定期上传自己绘画录屏，记录修炼过程～,yockig～不定期上传自己绘画录屏，记录修炼过程～
1384,5309012,TallOnce,TallOnce
1385,5311911,hu1127hu ,hu1127hu
1386,5316227,drafterl,drafterl
1387,5322293,bugattichiron,bugattichiron
1388,5326320,daissmention0453,daissmention0453
1389,5326992,5227829527，官方微信：dashuqingyidian,5227829527，官方微信：dashuqingyidian
1390,5332705,3458675342/profil,3458675342/profil
1391,5337582,525055123,525055123
1392,5339264,u/3236454221 刚刚踏上了呕血翻译的不归路！,3236454221
1393,5340696,u/5744867793?is_all=1,u/5744867793?is_all=1
1394,5342842,515wonderfulSun,515wonderfulSun
1395,5346712,5173800617/profile?topnav=1&amp;wvr=6,5173800617/profile?topnav=1&amp;wvr=6
1396,5347566,u/2805612832,u/2805612832
1397,5351682,PearsLove，新人实况UP主~~,PearsLove，新人实况UP主~~
1398,5361468,pikapika7U 欢迎来吐槽_(:зゝ∠)_,pikapika7U
1399,5361562,nozon,nozon
1400,5365766,u/5150108824,u/5150108824
1401,5373553,nanamisang,nanamisang
1402,5374009,catminmimi,catminmimi
1403,5374695,u/3950950248,u/3950950248
1404,5376671,u/2692693701欢迎勾搭！,u/2692693701欢迎勾搭！
1405,5376718,u/1699928401/,u/1699928401/
1406,5381612,veneficus  ❤5sing.kugou.com/39259906,veneficus
1407,5381835,watersky007,watersky007
1408,5382638,u/3622578090,u/3622578090
1409,5391030,u/5267054824 以后会带来更多有趣的游戏视频的哟,5267054824
1410,5391438,jontenjiong,jontenjiong
1411,5393484,u/5782832,u/5782832
1412,5393924,p/1005055320180649,p/1005055320180649
1413,5394083,nagita,nagita
1414,5394187,takeiemi111 百度武井咲贴吧~字幕组长期招募翻译和校对,takeiemi111
1415,5395438,u/3209973721 ,3209973721
1416,5396499,u/2161336292 求粉求粉~~,2161336292
1417,5397979,1***5023894    ,5023894
1418,5399160,1720140193/profile?topnav=1&amp;wvr=6,1720140193/profile?topnav=1&amp;wvr=6
1419,5402975,u/5979642295,u/5979642295
1420,5403693,2153456114,2153456114
1421,5406295,tlhhaohao,tlhhaohao
1422,5411881,syrinxw,syrinxw
1423,5413805,u/2898034437,u/2898034437
1424,5416610,MaJiaMengZihan (￣▽￣)~*,MaJiaMengZihan
1425,5419753,u/5335712905,u/5335712905
1426,5419812,XYumi,XYumi
1427,5424233,damiaoboardgame,damiaoboardgame
1428,5428133,2681651551/,2681651551/
1429,5428553,xianyumowang     请叫我咸鱼大魔王=A=,xianyumowang
1430,5436862,spiegel1018 ,spiegel1018
1431,5443101,u/3716917183,u/3716917183
1432,5443680,u/3604038011,u/3604038011
1433,5443850,u/5611434798,u/5611434798
1434,5444258,u/3966024277,3966024277
1435,5451160,318865552/,318865552/
1436,5451400,yangyangjiejietuan ,yangyangjiejietuan
1437,5454370,UnlimitMadTeam,UnlimitMadTeam
1438,5458790,u/5134305804,u/5134305804
1439,5459561,1766448684/profile?topnav=1&amp;wvr=6,1766448684/profile?topnav=1&amp;wvr=6
1440,5463183,MZFMF,MZFMF
1441,5464517,2732035910/profile?topnav=1&amp;wvr=6  群196662503，,6
1442,5464657,guoluodong,guoluodong
1443,5465995,2708495617/  毁歌讨论群B 371396130,毁歌讨论群B
1444,5466225,u/2267377590,2267377590
1445,5466975,nalychang欢迎勾搭~,nalychang欢迎勾搭~
1446,5467707,u/3960900220?from=profile&amp;wvr=5&amp;loc=infdomain,u/3960900220?from=profile&amp;wvr=5&amp;loc=infdomain
1447,5478880,u/5275966934,u/5275966934
1448,5480161,3180558640/profile?topnav=1&amp;wvr=6&amp;is_all=1,3180558640/profile?topnav=1&amp;wvr=6&amp;is_all=1
1449,5489466,u/1913321885 欢迎关注,1913321885
1450,5493147,u/2045426965,u/2045426965
1451,5496549,nekoP,nekoP
1452,5498346,u/2877439690,u/2877439690
1453,5500791,zuimeilan,zuimeilan
1454,5503281,u/6013211549,u/6013211549
1455,5506374,yaboQAQ,yaboQAQ
1456,5507853,u/3815500838,u/3815500838
1457,5510337,u/5194817627,u/5194817627
1458,5511333,YuShiGames,YuShiGames
1459,5513608,feiyupeiyinshe,feiyupeiyinshe
1460,5514215,Vvvirus,Vvvirus
1461,5519630,Shallowescap,Shallowescap
1462,5520089,1925961761,1925961761
1463,5522462,5243517631/myfollow?rightmod=1&amp;wvr=5☆,5243517631/myfollow?rightmod=1&amp;wvr=5☆
1464,5530930,min0507,min0507
1465,5532996,678065023http://i1.hdslb.com/bfs/face/412c,678065023http://i1.hdslb.com/bfs/face/412c
1466,5538234,5342410179/profile?rightmod=1&amp;wvr=6&amp;mod=personinfo，名字是泽阳LX，可以聊聊天~,5342410179/profile?rightmod=1&amp;wvr=6&amp;mod=personinfo，名字是泽阳LX，可以聊聊天~
1467,5542076,chaz,chaz
1468,5544980,updntk 90后老年人,updntk
1469,5545968,DORADICK,DORADICK
1470,5548326,2093391507/profile?rightmod=1&amp;wvr=5&amp;mod=personinfo,2093391507/profile?rightmod=1&amp;wvr=5&amp;mod=personinfo
1471,5550570,u/5286775342 摸鱼qq群：46560436,5286775342
1472,5556198,sunyiran0805 学习拍摄生活记录中,sunyiran0805
1473,5563350,u/6284794477,u/6284794477
1474,5571328,1904394421/,1904394421/
1475,5578219,u/2250958204,2250958204
1476,5580436,killerdante 头像by：木炭,killerdante
1477,5581898,feidieshuo9527；官方微信：feidieshuo9527。,feidieshuo9527；官方微信：feidieshuo9527。
1478,5583413,u/5589077184,u/5589077184
1479,5586754,u/5248597256,u/5248597256
1480,5588870,season13来找我玩呀~,season13来找我玩呀~
1481,5589379,u/3828621958,u/3828621958
1482,5589537,RTJHworld      新人UP猪求关照求硬币(^o^)/~   我不能成为日更狂魔但我视频一定会越做越好的   希望大家喜欢~(≧▽≦)/~,RTJHworld
1483,5590718,weierdou,weierdou
1484,5594082,u/2681401204，欢迎各种扩列一起玩w,u/2681401204，欢迎各种扩列一起玩w
1485,5595444,wan02200059 一江秦淮水欢迎关注√,wan02200059
1486,5605457,u/5658520372/,u/5658520372/
1487,5608791,u/3371623034,u/3371623034
1488,5609157,lovewilliamchan,lovewilliamchan
1489,5618602,678021121 （约稿微博私信）,678021121
1490,5627849,conancreeper,conancreeper
1491,5627979,u/5450313554是个不会画画儿的咸鱼细菌x,u/5450313554是个不会画画儿的咸鱼细菌x
1492,5628353,MianHeng,MianHeng
1493,5628990,u/2805452095?refer_flag=1,u/2805452095?refer_flag=1
1494,5643716,u/5312371434,u/5312371434
1495,5648564,u/2448078671,u/2448078671
1496,5650826,5666516334/profile?topnav=1&amp;wvr=6,5666516334/profile?topnav=1&amp;wvr=6
1497,5658441,yaaaayaaaa3,yaaaayaaaa3
1498,5658683,andddyyy             ,andddyyy
1499,5659179,1996vicentwang 略略略,1996vicentwang
1500,5662744,2287385795,2287385795
1501,5667968,YHNstar,YHNstar
1502,5669526,MitchieM/,MitchieM/
1503,5671166,5243605356,5243605356
1504,5672795,u/5249736924,u/5249736924
1505,5675405,2162363414/profile?topnav=1,2162363414/profile?topnav=1
1506,5676691,92474176,92474176
1507,5681233,228520789 ,228520789
1508,5684554,u/2935544390/home?wvr=5&amp;lf=reg  【PS天刀青龙长生剑ID山楂填海以及ID和尘】,reg
1509,5686645,xiaohuanQAQ,xiaohuanQAQ
1510,5687144,u/proVitaminK,u/proVitaminK
1511,5689897,u/5223432018,u/5223432018
1512,5690673,3319022272/profile?rightmod=1&amp;wvr=6&amp;mod=personinfo,personinfo
1513,5696029,u/5737520427,u/5737520427
1514,5697492,1861990222/profile?topnav=1&amp;wvr=6 @与有荣焉,6
1515,5698337,av139,av139
1516,5698993,3201332423/,3201332423/
1517,5703207,u/5269619036,u/5269619036
1518,5706641,mrlean,mrlean
1519,5715873,5987975973,5987975973
1520,5720243,hunterczech,hunterczech
1521,5723147,rosalind29,rosalind29
1522,5726061,u/3228367667?from=myfollow_all&amp;is_all=1,u/3228367667?from=myfollow_all&amp;is_all=1
1523,5728112,dailidou2333 QQ群：569265844,dailidou2333
1524,5729188,5200230432/微博求关注么么哒_(:зゝ∠)_,5200230432/微博求关注么么哒_(:зゝ∠)_
1525,5730615,u/5513049403,u/5513049403
1526,5733715,u/3655626994,u/3655626994
1527,5734600,6013108433 私信略~,6013108433
1528,5736898,umiia,umiia
1529,5739284,jimozhige,jimozhige
1530,5740712,u/3864698591 等我变强大,3864698591
1531,5741541,u/3139855620,u/3139855620
1532,5742018,rlss,rlss
1533,5751963,u/3417555852,3417555852
1534,5755699,u/5278346439,5278346439
1535,5758743,5092195332/profile?rightmod=1&amp;wvr=6&amp;,5092195332/profile?rightmod=1&amp;wvr=6&amp;
1536,5760609,u/5960443433,u/5960443433
1537,5760694,u/5864555105,u/5864555105
1538,5763375,1698166242 ）,1698166242
1539,5764060,u/5031048250,u/5031048250
1540,5770474,yyqirena,yyqirena
1541,5771263,likysama,likysama
1542,5773541,5236048075/profile?topnav=1&amp;wvr=6,5236048075/profile?topnav=1&amp;wvr=6
1543,5774794,p/1005055268597036/,p/1005055268597036/
1544,5780779,u/3927384902,3927384902
1545,5780911,zykxingchao @小呀嘛小阿潮,zykxingchao
1546,5788424,u/5073512147/home?wvr=5#!/5073512147/profile?rightmod=1&amp;wvr=6&amp;mod=personi,u/5073512147/home?wvr=5#!/5073512147/profile?rightmod=1&amp;wvr=6&amp;mod=personi
1547,5793793,u/2163491754,u/2163491754
1548,5797111,u/1943630273,u/1943630273
1549,5797851,207274746,207274746
1550,5798631,ShakeandSeven/home?topna,ShakeandSeven/home?topna
1551,5800239,u/5538031187,u/5538031187
1552,5801588,u/5516826011,u/5516826011
1553,5802876,u/1607339862,u/1607339862
1554,5803338,3146849674/profile?topnav=1&amp;wvr=6,6
1555,5805936,tazzfamily,tazzfamily
1556,5809231,u/5560037702 微博:-),5560037702
1557,5810869,5126932961,5126932961
1558,5811928,u/5300769293,u/5300769293
1559,5815066,u/2093067790,u/2093067790
1560,5816102,5192431810 关注并回复鬼怪有B站缺失的部分,5192431810
1561,5818177,zrshui ,zrshui
1562,5818871,reinsty,reinsty
1563,5822688,kittylisa,kittylisa
1564,5825213,u/3863942549,u/3863942549
1565,5830692,theodoresyh）I do not care about most things.,I
1566,5832053,572034477  PV作品见收藏夹,572034477
1567,5834417,othermage  关注我，一起来打游戏吧！,othermage
1568,5834808,cjiyurong,cjiyurong
1569,5836554,2194168544/profile?topnav=1&amp;wvr=6,6
1570,5836921,u/6315487420,u/6315487420
1571,5839729,3722838345,3722838345
1572,5840190,zhangxiaoyu111,zhangxiaoyu111
1573,5840591,yemongjiade Q小群：345350688,yemongjiade
1574,5842196,1396348082/profile?rightmod=1&amp;wvr=6&amp;mod=personnumber小伙伴们记得找我玩~,1396348082/profile?rightmod=1&amp;wvr=6&amp;mod=personnumber小伙伴们记得找我玩~
1575,5843468,2127101887/,2127101887/
1576,5843942,2282397014/profile?topnav=1&amp;wvr=6&amp;is_all=1,2282397014/profile?topnav=1&amp;wvr=6&amp;is_all=1
1577,5846388,bilibiliwuya/home?topnav=1&amp;wvr=6 ,6
1578,5849424,3049357010,3049357010
1579,5855637,wowph,wowph
1580,5858242,1814433362/profile?rightmod=1&amp;wvr=5&amp;mod=personinfo,1814433362/profile?rightmod=1&amp;wvr=5&amp;mod=personinfo
1581,5858328,u/5098692672,5098692672
1582,5864048,1975761131/,1975761131/
1583,5866227,u/1944595441,u/1944595441
1584,5867243,u/5199311684,u/5199311684
1585,5874564,"estrolic 女子5人舞見團體:kumi(leader),miki,mindy,shiki,kiyu/主要進行翻跳、改編 、原創編舞等視頻投稿",estrolic
1586,5876181,2988913653/profile?rightmod=1&amp;wvr=6&amp;mod=p,2988913653/profile?rightmod=1&amp;wvr=6&amp;mod=p
1587,5878149,3665905503/profile?rightmod,3665905503/profile?rightmod
1588,5887512,1772870844 有生之年要把脑洞出产完。,1772870844
1589,5887887,5080282446/profile?topnav=1&amp;wvr=5&amp;user=1  ,1
1590,5888503,u/2373712802,u/2373712802
1591,5890097,924633813,924633813
1592,5897427,u/5073176125,u/5073176125
1593,5899847,u/5292696297,u/5292696297
1594,5900228,3793827507    交流群：152590843,3793827507
1595,5903129,ARFunnel争取每天一图,ARFunnel争取每天一图
1596,5903404,u/2352520562,u/2352520562
1597,5903468,acomme,acomme
1598,5904020,ChenXinDawnHeart,ChenXinDawnHeart
1599,5907541,ichigolily,ichigolily
1600,5908503,5238661876,5238661876
1601,5915058,u/3276324594。,u/3276324594。
1602,5917020,u/3637074871/home?wvr=5&amp;uut=fin&amp;from=reg】,u/3637074871/home?wvr=5&amp;uut=fin&amp;from=reg】
1603,5918813,1780065217/profile?rig学生党一名,1780065217/profile?rig学生党一名
1604,5919331,u/3702574220,u/3702574220
1605,5920195,billow9,billow9
1606,5922023,u/5097690493  易勾搭√,5097690493
1607,5922783,273277005,273277005
1608,5925190,u/2283181214,2283181214
1609,5927894,molimessae 喜欢的话就关注一下咯，说不定哪天就火了呢=v=,molimessae
1610,5928745,canbaoR,canbaoR
1611,5928770,u/5203460067,u/5203460067
1612,5929074,Blackthorn1996 交流群：122756853,Blackthorn1996
1613,5932378,5767832754/profile?topnav=1&amp;wvr=6,6
1614,5939790,GUMIKUN/ 硬币qaq,GUMIKUN/ 硬币qaq
1615,5940887,u/2700476102,u/2700476102
1616,5941557,u/5255623133,u/5255623133
1617,5942678,u/5527979409,u/5527979409
1618,5943503,2203623007,2203623007
1619,5943580,imMrNobody,imMrNobody
1620,5946244,u/2736191841,u/2736191841
1621,5947306,gigity ,gigity
1622,5949584,dymin,dymin
1623,5953892,u/5127152547 晗机智 欢迎勾搭 欢迎互粉(=ﾟωﾟ)ﾉ,5127152547
1624,5961647,cosershisan】,cosershisan】
1625,5962968,effffffy,effffffy
1626,5967938,2230684624/profile?topnav=1&amp;wvr=6,2230684624/profile?topnav=1&amp;wvr=6
1627,5969343,5264764235/│搅基群568805537,5264764235/│搅基群568805537
1628,5976059,u/5339784298 @川崎橙吉,5339784298
1629,5986551,mowu415】,mowu415】
1630,5992939,littlelittlenumber,littlelittlenumber
1631,5994810,3896930950,3896930950
1632,5995292,sjkiiyan感谢视听~ ,sjkiiyan感谢视听~ 
1633,5999130,5269335689/ ,5269335689/ 
1634,6001122,u/5290874892,u/5290874892
1635,6009817,5268854799,5268854799
1636,6010805,u/2134077621,u/2134077621
1637,6011373,u/3646423767/home?topnav=1&amp;wvr=6,u/3646423767/home?topnav=1&amp;wvr=6
1638,6018070,115440luoluo,115440luoluo
1639,6019396,u/5884618521,u/5884618521
1640,6021342,u/1596180335，欢迎交流u,u/1596180335，欢迎交流u
1641,6022223,u/3533873265,u/3533873265
1642,6022354,u/3202998185,u/3202998185
1643,6031323,5339755880,5339755880
1644,6035275,u/1780297505,u/1780297505
1645,6037364,575229908,575229908
1646,6038600,u/2188743100,2188743100
1647,6041504,u/5311802922,u/5311802922
1648,6045256,810893664,810893664
1649,6045512,p/1005051631819457/*/,p/1005051631819457/*/
1650,6055790,u/2219622897,u/2219622897
1651,6058042,camillelove33 大家可以关注小白哦,camillelove33
1652,6058719,5591281243/profile?rightmod=1&amp;wvr=6&amp;mod=personinf,5591281243/profile?rightmod=1&amp;wvr=6&amp;mod=personinf
1653,6059444,2092256615/profile?topnav=1&amp;wvr=6&amp;is_all=1,2092256615/profile?topnav=1&amp;wvr=6&amp;is_all=1
1654,6060210,u/3113260277】,u/3113260277】
1655,6062052,u/5102100781,u/5102100781
1656,6062753,youluoling ,youluoling
1657,6063237,ZhongyanSAMA,ZhongyanSAMA
1658,6064191,heyziom,heyziom
1659,6066765,u/5682533411,5682533411
1660,6067525,u/23191553 】,23191553
1661,6070115,xieyvxnazers ,xieyvxnazers
1662,6071888,1976331690）q群:473463143,1976331690）q群:473463143
1663,6072366,bjihuabuaimoyu 关注我的新浪微博，获取最不gay的动态。,bjihuabuaimoyu
1664,6077343,2182727032/profile?rightmod=1&amp;wvr,2182727032/profile?rightmod=1&amp;wvr
1665,6080389,bofu 盾铁本命 超级英雄反派控 ,bofu
1666,6083099,u/3495721982,u/3495721982
1667,6087498,FoTaku【群：233862998】【欢迎爱动漫······,FoTaku【群：233862998】【欢迎爱动漫······
1668,6088144,5474842290/,5474842290/
1669,6095110,u/5556050144,u/5556050144
1670,6096156,Superscalpel,Superscalpel
1671,6096611,liphsux,liphsux
1672,6100456,2643656055/,2643656055/
1673,6101501,u/5530888144  唉~(;ˊДˋ ),5530888144
1674,6108055,neotvhappy,neotvhappy
1675,6109104,sunsicha,sunsicha
1676,6109555,u/2965467655  ,2965467655
1677,6109619,mofawuke,mofawuke
1678,6110097,liangboyue,liangboyue
1679,6112017,u/5690106978 聊骚群：481508,5690106978
1680,6113671,u/2679127433,u/2679127433
1681,6114262,henzui/,henzui/
1682,6115387,jszhilan       @微澜巛 ,jszhilan
1683,6115538,u/3389128974/home?wvr=5】,u/3389128974/home?wvr=5】
1684,6117711,3274159165/profile?topnav=1&amp;wvr=6,3274159165/profile?topnav=1&amp;wvr=6
1685,6119363,acheinball/,acheinball/
1686,6125815,5377596042/profile,5377596042/profile
1687,6128029,211101752,211101752
1688,6129169,u/5609928222,u/5609928222
1689,6131492,5256652765/profile?topnav=1&amp;wvr=6,5256652765/profile?topnav=1&amp;wvr=6
1690,6137168,kitamitsu?from=myfollow_all,myfollow_all
1691,6138642,1676386395/ED9ecb4cY,1676386395/ED9ecb4cY
1692,6144096,u/5891307994,u/5891307994
1693,6155047,hwlisa ,hwlisa
1694,6156563,5466354020,5466354020
1695,6156615,qrumzsjem,qrumzsjem
1696,6158455,manisama,manisama
1697,6158596,u/5367082183/home?leftnav=1,u/5367082183/home?leftnav=1
1698,6159403,u/2845275545,u/2845275545
1699,6160373,5KaiLiang18,5KaiLiang18
1700,6160495,u/2877429320,u/2877429320
1701,6161817,mrchan1121 欢迎来主页玩耍 下载详见微博~~~,mrchan1121
1702,6162551,u/1839806042 ,1839806042
1703,6162783,5869353943/,5869353943/
1704,6164192,SmokeStudioSMK,SmokeStudioSMK
1705,6164836,2826209191/profile?topnav=1&amp;wvr=6,2826209191/profile?topnav=1&amp;wvr=6
1706,6168388,imjidu;,imjidu;
1707,6168944,p/1005052386807894/home?from=page_100505&amp;mod=TAB#place 嗨皮玩耍中\\(^o^)/,place
1708,6171645,80874869,80874869
1709,6175039,u/5203376195  群号:160032354,5203376195
1710,6190589,Moccai,Moccai
1711,6194225,u/1465273747,u/1465273747
1712,6194869,206660576,206660576
1713,6195712,u/241,u/241
1714,6198320,syx2014,syx2014
1715,6211545,338100093,338100093
1716,6217604,runablue,runablue
1717,6221522,jincityao,jincityao
1718,6223910,3191697442/profile?topnav=1&amp;wvr=6,3191697442/profile?topnav=1&amp;wvr=6
1719,6233076,u/3733423734,u/3733423734
1720,6233367,XifanDaDa,XifanDaDa
1721,6234656,u/5262478493,5262478493
1722,6237490,wohaojiong,wohaojiong
1723,6238636,bbcchu,bbcchu
1724,6245365,1352431634,1352431634
1725,6246244,u/2032869997/home?wvr=5,u/2032869997/home?wvr=5
1726,6248092,u/3188093921,u/3188093921
1727,6250258,5641578742/profile?topnav=1&amp;wvr=6,6
1728,6251546,MrAzhengGK,MrAzhengGK
1729,6252598,u/3965260575  因为爱才会做视频,3965260575
1730,6252671,"sakuyaaaaaa虽然不长上,私信我吧!","sakuyaaaaaa虽然不长上,私信我吧!"
1731,6253350,moudada   ,moudada
1732,6258344,u/2300337492,u/2300337492
1733,6258667,mahadev,mahadev
1734,6259739,5150881802/profile?rightmod=1&amp;wvr=6&amp;mod=personinfo,5150881802/profile?rightmod=1&amp;wvr=6&amp;mod=personinfo
1735,6266450,WoodyMo,WoodyMo
1736,6270900,girliyia,girliyia
1737,6274773,jfwanbai,jfwanbai
1738,6277802,cidrenyan,cidrenyan
1739,6285509,u/3243524785/home?leftnav=1,u/3243524785/home?leftnav=1
1740,6289720,aizz13,aizz13
1741,6291916,dlpxhj,dlpxhj
1742,6295227,lmq781103436,lmq781103436
1743,6295915,u/1778322085,u/1778322085
1744,6296332,iiaofficial || ask：ask.fm/interimm || 设定：interimm.org/InterImmBook,iiaofficial
1745,6296501,3547239072/profile?topnav=1&amp;wvr=6,3547239072/profile?topnav=1&amp;wvr=6
1746,6300990,u/5297014402,u/5297014402
1747,6301396,u/5266683015,u/5266683015
1748,6302178,u/3845342492,u/3845342492
1749,6302282,5836578288/profile?rightmod=1&amp;wvr=6&amp;mod=personinfo,5836578288/profile?rightmod=1&amp;wvr=6&amp;mod=personinfo
1750,6306724,5536592952/profile?rightmod=1&amp;amp;wv,5536592952/profile?rightmod=1&amp;amp;wv
1751,6307584,u/5343900722,u/5343900722
1752,6312680,u/,u/
1753,6312924,Xyan1996,Xyan1996
1754,6313361,ws920411,ws920411
1755,6320045,u/6068037800,u/6068037800
1756,6322270,3218449875/profile?topnav=1&amp;wvr=6,3218449875/profile?topnav=1&amp;wvr=6
1757,6329983,3480684975,3480684975
1758,6332675,u/1956239843,u/1956239843
1759,6333108,u/2009238685 ,2009238685
1760,6336823,yoosungame,yoosungame
1761,6337491,HarmonyRory,HarmonyRory
1762,6343680,vzzzf,vzzzf
1763,6344375,u/2265353315 如果没更新，那就是在画画/备考/学AE,2265353315
1764,6344413,NicolasMimi,NicolasMimi
1765,6353969,2082259543/,2082259543/
1766,6357802,u/3217925732,u/3217925732
1767,6359055,2924357174/profile?rightmod=1&amp;wvr=6&amp;mod=personin,2924357174/profile?rightmod=1&amp;wvr=6&amp;mod=personin
1768,6366898,bilibiligodwind,bilibiligodwind
1769,6367518,YBLUEdragon 欢迎大家找我玩╮(╯▽╰)╭ 对不起我停更那么久 新的一年我会加油的~\\(≧▽≦)/~,YBLUEdragon
1770,6368060,u/3150536621      平时喜欢刷刷日常的涂鸦,3150536621
1771,6370285,u/5237811480，热爱绘画~,u/5237811480，热爱绘画~
1772,6372323,u/1442787182,u/1442787182
1773,6376264,952902739blood,952902739blood
1774,6376701,hua95,hua95
1775,6384072,lovewilliamforever】,lovewilliamforever】
1776,6386144,u/5255893225☆蠢鹅2079541526  小影cn.若兮月,蠢鹅2079541526
1777,6389297,277633776 邮箱联系:aoidestudio@foxmail.com,277633776
1778,6390332,5876050510,5876050510
1779,6390784,rvdavid,rvdavid
1780,6393409,5097707649/profile?topnav=1&amp;wvr=6,5097707649/profile?topnav=1&amp;wvr=6
1781,6395834,u/5766446906/home?wvr=5,u/5766446906/home?wvr=5
1782,6398586,u/5623936598，坐标嘉善，可面基可勾搭,u/5623936598，坐标嘉善，可面基可勾搭
1783,6400602,yumahashimoto,yumahashimoto
1784,6402654,u/1013243622   基本投稿一个星期才能想起来去微博通知，偶尔转发一些有趣的段子,1013243622
1785,6403135,606567442,606567442
1786,6405752,u/5201916761,u/5201916761
1787,6406936,540471997 ,540471997
1788,6407906,u/3753763643,u/3753763643
1789,6408512,u/5235738984,u/5235738984
1790,6414281,u/5700069723    _(:зゝ∠)_,5700069723
1791,6415681,2699015394/profile?topnav=1&amp;amp;amp;w,2699015394/profile?topnav=1&amp;amp;amp;w
1792,6416711,u/2896254987,u/2896254987
1793,6417836,u/3608766012,u/3608766012
1794,6423791,u/1745424172,1745424172
1795,6426498,u/2449040232/home?wvr=5&amp;c=spr_sinamkt_buy_2345rc_w,u/2449040232/home?wvr=5&amp;c=spr_sinamkt_buy_2345rc_w
1796,6433119,u/3474372082,u/3474372082
1797,6433622,u/6293622375,u/6293622375
1798,6435779,u/2006797943。淘宝店：https://tb.cn/Ihvbhkw,u/2006797943。淘宝店：https://tb.cn/Ihvbhkw
1799,6437523,1519440984/profile?topnav=,1519440984/profile?topnav=
1800,6442910,u/52959277,u/52959277
1801,6446825,324311313,324311313
1802,6447580,loverogerforever,loverogerforever
1803,6455397,u/2380706185,u/2380706185
1804,6460023,1796462165,1796462165
1805,6462164,hbhbhb666),hbhbhb666)
